index,method_family,method,offline_variant,online_variant,entity_id,seed,source_path,staged_path,staged_name,size_bytes,sha256
1,THESIS,thesis,O0,A0,machine_1_6,seed36,/root/bachelor-thesis-2026/outputs/benchmark/online/smd/thesis/O0_A0/machine_1_6/seed36/online_metrics.json,/root/bachelor-thesis-2026/outputs/reporting/online_phase_tables/online_metrics_99/thesis__O0_A0__machine_1_6__seed36__online_metrics.json,thesis__O0_A0__machine_1_6__seed36__online_metrics.json,2194283,bf8c0ff20275b715bc7f7f9f3410e78125e706dc7c06b6cb418eb6d703a82e9b
2,THESIS,thesis,O0,A0,machine_1_6,seed6,/root/bachelor-thesis-2026/outputs/benchmark/online/smd/thesis/O0_A0/machine_1_6/seed6/online_metrics.json,/root/bachelor-thesis-2026/outputs/reporting/online_phase_tables/online_metrics_99/thesis__O0_A0__machine_1_6__seed6__online_metrics.json,thesis__O0_A0__machine_1_6__seed6__online_metrics.json,2194439,8525735f8b8ee19293b8fef4ab5cd5908f649593f608b1821d7623e20bc93b87
3,THESIS,thesis,O0,A0,machine_1_6,seed8,/root/bachelor-thesis-2026/outputs/benchmark/online/smd/thesis/O0_A0/machine_1_6/seed8/online_metrics.json,/root/bachelor-thesis-2026/outputs/reporting/online_phase_tables/online_metrics_99/thesis__O0_A0__machine_1_6__seed8__online_metrics.json,thesis__O0_A0__machine_1_6__seed8__online_metrics.json,2194183,efcf406140edd9ff31a796d8627094bbf6a42d20e3ba94598560eec56ae9e7d6
4,THESIS,thesis,O0,A0,machine_3_4,seed36,/root/bachelor-thesis-2026/outputs/benchmark/online/smd/thesis/O0_A0/machine_3_4/seed36/online_metrics.json,/root/bachelor-thesis-2026/outputs/reporting/online_phase_tables/online_metrics_99/thesis__O0_A0__machine_3_4__seed36__online_metrics.json,thesis__O0_A0__machine_3_4__seed36__online_metrics.json,3713986,f1968c7bbe807a947d6198f5b31181286b476a8df5df17e771aea85f1fc3514f
5,THESIS,thesis,O0,A0,machine_3_4,seed6,/root/bachelor-thesis-2026/outputs/benchmark/online/smd/thesis/O0_A0/machine_3_4/seed6/online_metrics.json,/root/bachelor-thesis-2026/outputs/reporting/online_phase_tables/online_metrics_99/thesis__O0_A0__machine_3_4__seed6__online_metrics.json,thesis__O0_A0__machine_3_4__seed6__online_metrics.json,3710668,87a3383595678cb26b33d04088fb18e468741adecad0e2b33e471a2970a1d837
6,THESIS,thesis,O0,A0,machine_3_4,seed8,/root/bachelor-thesis-2026/outputs/benchmark/online/smd/thesis/O0_A0/machine_3_4/seed8/online_metrics.json,/root/bachelor-thesis-2026/outputs/reporting/online_phase_tables/online_metrics_99/thesis__O0_A0__machine_3_4__seed8__online_metrics.json,thesis__O0_A0__machine_3_4__seed8__online_metrics.json,3711289,506cf6ff76efb718e67063c6c0d78d8af075b273d49d1f9b2d5c768fd4aa0cd4
7,THESIS,thesis,O0,A0,machine_3_9,seed36,/root/bachelor-thesis-2026/outputs/benchmark/online/smd/thesis/O0_A0/machine_3_9/seed36/online_metrics.json,/root/bachelor-thesis-2026/outputs/reporting/online_phase_tables/online_metrics_99/thesis__O0_A0__machine_3_9__seed36__online_metrics.json,thesis__O0_A0__machine_3_9__seed36__online_metrics.json,10444517,ba9717dda0a0fbf160bc83b0afbdb36932e8042051aea4a0331f421d4ffdeb9e
8,THESIS,thesis,O0,A0,machine_3_9,seed6,/root/bachelor-thesis-2026/outputs/benchmark/online/smd/thesis/O0_A0/machine_3_9/seed6/online_metrics.json,/root/bachelor-thesis-2026/outputs/reporting/online_phase_tables/online_metrics_99/thesis__O0_A0__machine_3_9__seed6__online_metrics.json,thesis__O0_A0__machine_3_9__seed6__online_metrics.json,10447578,5c7980b00e8b09fae0a03be236c1e6d7e2c69f8535ef04906a354ae0074dcf63
9,THESIS,thesis,O0,A0,machine_3_9,seed8,/root/bachelor-thesis-2026/outputs/benchmark/online/smd/thesis/O0_A0/machine_3_9/seed8/online_metrics.json,/root/bachelor-thesis-2026/outputs/reporting/online_phase_tables/online_metrics_99/thesis__O0_A0__machine_3_9__seed8__online_metrics.json,thesis__O0_A0__machine_3_9__seed8__online_metrics.json,10455439,414aa3e1f12ff83882ecec0d219e3b007dea82ef38c3948b12f7696cd05f70b7
10,THESIS,thesis,O0,A1,machine_1_6,seed36,/root/bachelor-thesis-2026/outputs/benchmark/online/smd/thesis/O0_A1/machine_1_6/seed36/online_metrics.json,/root/bachelor-thesis-2026/outputs/reporting/online_phase_tables/online_metrics_99/thesis__O0_A1__machine_1_6__seed36__online_metrics.json,thesis__O0_A1__machine_1_6__seed36__online_metrics.json,2202604,79ab29dc09f863358eda134ee7a80ca5ed57e304120bc24c6e2f9ad68f808595
11,THESIS,thesis,O0,A1,machine_1_6,seed6,/root/bachelor-thesis-2026/outputs/benchmark/online/smd/thesis/O0_A1/machine_1_6/seed6/online_metrics.json,/root/bachelor-thesis-2026/outputs/reporting/online_phase_tables/online_metrics_99/thesis__O0_A1__machine_1_6__seed6__online_metrics.json,thesis__O0_A1__machine_1_6__seed6__online_metrics.json,2202940,3f14cae91b5cf587220ecaa011c1dd42fea08382543e154412e43f29a797e3ea
12,THESIS,thesis,O0,A1,machine_1_6,seed8,/root/bachelor-thesis-2026/outputs/benchmark/online/smd/thesis/O0_A1/machine_1_6/seed8/online_metrics.json,/root/bachelor-thesis-2026/outputs/reporting/online_phase_tables/online_metrics_99/thesis__O0_A1__machine_1_6__seed8__online_metrics.json,thesis__O0_A1__machine_1_6__seed8__online_metrics.json,2202598,372f432d50904118fb1498e5017e7a3b978302466d962655d15330e064bc7ff0
13,THESIS,thesis,O0,A1,machine_3_4,seed36,/root/bachelor-thesis-2026/outputs/benchmark/online/smd/thesis/O0_A1/machine_3_4/seed36/online_metrics.json,/root/bachelor-thesis-2026/outputs/reporting/online_phase_tables/online_metrics_99/thesis__O0_A1__machine_3_4__seed36__online_metrics.json,thesis__O0_A1__machine_3_4__seed36__online_metrics.json,3765850,3b33a119a8c8d3a9b550518b3b7f0db3bf89b69838a096c4120e24f14e07cb1e
14,THESIS,thesis,O0,A1,machine_3_4,seed6,/root/bachelor-thesis-2026/outputs/benchmark/online/smd/thesis/O0_A1/machine_3_4/seed6/online_metrics.json,/root/bachelor-thesis-2026/outputs/reporting/online_phase_tables/online_metrics_99/thesis__O0_A1__machine_3_4__seed6__online_metrics.json,thesis__O0_A1__machine_3_4__seed6__online_metrics.json,3746516,15be92848715777224ae1ba2e8061996beb64ce3888dd5eb59be8a77b94f2334
15,THESIS,thesis,O0,A1,machine_3_4,seed8,/root/bachelor-thesis-2026/outputs/benchmark/online/smd/thesis/O0_A1/machine_3_4/seed8/online_metrics.json,/root/bachelor-thesis-2026/outputs/reporting/online_phase_tables/online_metrics_99/thesis__O0_A1__machine_3_4__seed8__online_metrics.json,thesis__O0_A1__machine_3_4__seed8__online_metrics.json,3765030,c24f2bd1b94d49156441c8647936395bf74b738ec21c9d31415099a82ff327d6
16,THESIS,thesis,O0,A1,machine_3_9,seed36,/root/bachelor-thesis-2026/outputs/benchmark/online/smd/thesis/O0_A1/machine_3_9/seed36/online_metrics.json,/root/bachelor-thesis-2026/outputs/reporting/online_phase_tables/online_metrics_99/thesis__O0_A1__machine_3_9__seed36__online_metrics.json,thesis__O0_A1__machine_3_9__seed36__online_metrics.json,10491791,047b589177e9abcae1bb142d767d10a3931547d33c28a93d130d56b5cea02d8f
17,THESIS,thesis,O0,A1,machine_3_9,seed6,/root/bachelor-thesis-2026/outputs/benchmark/online/smd/thesis/O0_A1/machine_3_9/seed6/online_metrics.json,/root/bachelor-thesis-2026/outputs/reporting/online_phase_tables/online_metrics_99/thesis__O0_A1__machine_3_9__seed6__online_metrics.json,thesis__O0_A1__machine_3_9__seed6__online_metrics.json,10493184,7a474c782296e6db4bf16bf5ceda150aa1f5f3f69927634c40d8ec11f1355c99
18,THESIS,thesis,O0,A1,machine_3_9,seed8,/root/bachelor-thesis-2026/outputs/benchmark/online/smd/thesis/O0_A1/machine_3_9/seed8/online_metrics.json,/root/bachelor-thesis-2026/outputs/reporting/online_phase_tables/online_metrics_99/thesis__O0_A1__machine_3_9__seed8__online_metrics.json,thesis__O0_A1__machine_3_9__seed8__online_metrics.json,10505383,5dd8dcd70df3cdf6357dc026d94d8fae92ff24ba02e162d01fcb8608b6377f57
19,THESIS,thesis,O0,A2,machine_1_6,seed36,/root/bachelor-thesis-2026/outputs/benchmark/online/smd/thesis/O0_A2/machine_1_6/seed36/online_metrics.json,/root/bachelor-thesis-2026/outputs/reporting/online_phase_tables/online_metrics_99/thesis__O0_A2__machine_1_6__seed36__online_metrics.json,thesis__O0_A2__machine_1_6__seed36__online_metrics.json,2202780,425deac7a48a53c661ac1debab0165dfbdd43f4946247291c4bb15d7b0d59383
20,THESIS,thesis,O0,A2,machine_1_6,seed6,/root/bachelor-thesis-2026/outputs/benchmark/online/smd/thesis/O0_A2/machine_1_6/seed6/online_metrics.json,/root/bachelor-thesis-2026/outputs/reporting/online_phase_tables/online_metrics_99/thesis__O0_A2__machine_1_6__seed6__online_metrics.json,thesis__O0_A2__machine_1_6__seed6__online_metrics.json,2203022,aa08c4ede9a26a48017a1f23a704f32245fb3518f3e90ad2d8d3971c0d6cac97
21,THESIS,thesis,O0,A2,machine_1_6,seed8,/root/bachelor-thesis-2026/outputs/benchmark/online/smd/thesis/O0_A2/machine_1_6/seed8/online_metrics.json,/root/bachelor-thesis-2026/outputs/reporting/online_phase_tables/online_metrics_99/thesis__O0_A2__machine_1_6__seed8__online_metrics.json,thesis__O0_A2__machine_1_6__seed8__online_metrics.json,2202645,5f33682fde48cf6fa900aaef1c995e6517d3707f460b964aeba1958f53cbf0ec
22,THESIS,thesis,O0,A2,machine_3_4,seed36,/root/bachelor-thesis-2026/outputs/benchmark/online/smd/thesis/O0_A2/machine_3_4/seed36/online_metrics.json,/root/bachelor-thesis-2026/outputs/reporting/online_phase_tables/online_metrics_99/thesis__O0_A2__machine_3_4__seed36__online_metrics.json,thesis__O0_A2__machine_3_4__seed36__online_metrics.json,3752393,dd5adc1092fd0dc80b054df6efe78603d10a2a5cbbf24520cce276621c607919
23,THESIS,thesis,O0,A2,machine_3_4,seed6,/root/bachelor-thesis-2026/outputs/benchmark/online/smd/thesis/O0_A2/machine_3_4/seed6/online_metrics.json,/root/bachelor-thesis-2026/outputs/reporting/online_phase_tables/online_metrics_99/thesis__O0_A2__machine_3_4__seed6__online_metrics.json,thesis__O0_A2__machine_3_4__seed6__online_metrics.json,3747280,39299c220e2872d0866ab91ec17fceadd9a80f3aaa8802f2e250cba949913e07
24,THESIS,thesis,O0,A2,machine_3_4,seed8,/root/bachelor-thesis-2026/outputs/benchmark/online/smd/thesis/O0_A2/machine_3_4/seed8/online_metrics.json,/root/bachelor-thesis-2026/outputs/reporting/online_phase_tables/online_metrics_99/thesis__O0_A2__machine_3_4__seed8__online_metrics.json,thesis__O0_A2__machine_3_4__seed8__online_metrics.json,3770754,1aeb52185c7c8987de6bbd30f1a33ee72b6b96018d1cad11ad7edef3863291d5
25,THESIS,thesis,O0,A2,machine_3_9,seed36,/root/bachelor-thesis-2026/outputs/benchmark/online/smd/thesis/O0_A2/machine_3_9/seed36/online_metrics.json,/root/bachelor-thesis-2026/outputs/reporting/online_phase_tables/online_metrics_99/thesis__O0_A2__machine_3_9__seed36__online_metrics.json,thesis__O0_A2__machine_3_9__seed36__online_metrics.json,10493125,ca0edc7481697e1463358c3573af57e7d5a4f363c3fa029e57ac6d60a2797821
26,THESIS,thesis,O0,A2,machine_3_9,seed6,/root/bachelor-thesis-2026/outputs/benchmark/online/smd/thesis/O0_A2/machine_3_9/seed6/online_metrics.json,/root/bachelor-thesis-2026/outputs/reporting/online_phase_tables/online_metrics_99/thesis__O0_A2__machine_3_9__seed6__online_metrics.json,thesis__O0_A2__machine_3_9__seed6__online_metrics.json,10494804,97f48c8e0d3ed73851eecb535a5dbfa12dde338573a505d86d1ff80cdc1b2d48
27,THESIS,thesis,O0,A2,machine_3_9,seed8,/root/bachelor-thesis-2026/outputs/benchmark/online/smd/thesis/O0_A2/machine_3_9/seed8/online_metrics.json,/root/bachelor-thesis-2026/outputs/reporting/online_phase_tables/online_metrics_99/thesis__O0_A2__machine_3_9__seed8__online_metrics.json,thesis__O0_A2__machine_3_9__seed8__online_metrics.json,10508213,f87919205d1f1d72a5279eb3ce9ebaa0733c810fcc56b4ab4a48c7da343757b8
28,THESIS,thesis,O1,A0,machine_1_6,seed36,/root/bachelor-thesis-2026/outputs/benchmark/online/smd/thesis/O1_A0/machine_1_6/seed36/online_metrics.json,/root/bachelor-thesis-2026/outputs/reporting/online_phase_tables/online_metrics_99/thesis__O1_A0__machine_1_6__seed36__online_metrics.json,thesis__O1_A0__machine_1_6__seed36__online_metrics.json,2192261,e6e5e466dfd61a07d58c9bbca2dbf0fcf231333aad51389cf809fa8c03d4c469
29,THESIS,thesis,O1,A0,machine_1_6,seed6,/root/bachelor-thesis-2026/outputs/benchmark/online/smd/thesis/O1_A0/machine_1_6/seed6/online_metrics.json,/root/bachelor-thesis-2026/outputs/reporting/online_phase_tables/online_metrics_99/thesis__O1_A0__machine_1_6__seed6__online_metrics.json,thesis__O1_A0__machine_1_6__seed6__online_metrics.json,2194490,7af615962f0c42052cfa07aa95e229610854b300c09caacedfb47f64a8ef4738
30,THESIS,thesis,O1,A0,machine_1_6,seed8,/root/bachelor-thesis-2026/outputs/benchmark/online/smd/thesis/O1_A0/machine_1_6/seed8/online_metrics.json,/root/bachelor-thesis-2026/outputs/reporting/online_phase_tables/online_metrics_99/thesis__O1_A0__machine_1_6__seed8__online_metrics.json,thesis__O1_A0__machine_1_6__seed8__online_metrics.json,2194284,40363e9b78818517a1996bd1c191c09a11c740ead7a7bd692b17735a9b1b22c6
31,THESIS,thesis,O1,A0,machine_3_4,seed36,/root/bachelor-thesis-2026/outputs/benchmark/online/smd/thesis/O1_A0/machine_3_4/seed36/online_metrics.json,/root/bachelor-thesis-2026/outputs/reporting/online_phase_tables/online_metrics_99/thesis__O1_A0__machine_3_4__seed36__online_metrics.json,thesis__O1_A0__machine_3_4__seed36__online_metrics.json,3711206,61435a774d84b608dd28b47699a9223f908c6e19148c8379cbfa83a5b2ed94c3
32,THESIS,thesis,O1,A0,machine_3_4,seed6,/root/bachelor-thesis-2026/outputs/benchmark/online/smd/thesis/O1_A0/machine_3_4/seed6/online_metrics.json,/root/bachelor-thesis-2026/outputs/reporting/online_phase_tables/online_metrics_99/thesis__O1_A0__machine_3_4__seed6__online_metrics.json,thesis__O1_A0__machine_3_4__seed6__online_metrics.json,3710423,444553854cefa77a75d4c279640b49603da16001ce534cc469a9b60fcd70179e
33,THESIS,thesis,O1,A0,machine_3_4,seed8,/root/bachelor-thesis-2026/outputs/benchmark/online/smd/thesis/O1_A0/machine_3_4/seed8/online_metrics.json,/root/bachelor-thesis-2026/outputs/reporting/online_phase_tables/online_metrics_99/thesis__O1_A0__machine_3_4__seed8__online_metrics.json,thesis__O1_A0__machine_3_4__seed8__online_metrics.json,3713723,f0b7eeb6602cf080faeea8349318c5637ccb78ec190c7e22ec186b7c456ff461
34,THESIS,thesis,O1,A0,machine_3_9,seed36,/root/bachelor-thesis-2026/outputs/benchmark/online/smd/thesis/O1_A0/machine_3_9/seed36/online_metrics.json,/root/bachelor-thesis-2026/outputs/reporting/online_phase_tables/online_metrics_99/thesis__O1_A0__machine_3_9__seed36__online_metrics.json,thesis__O1_A0__machine_3_9__seed36__online_metrics.json,10453876,614aa1eaf3ea453406646635231bb019c45c03d77d04e89262dfe8f69eff77b8
35,THESIS,thesis,O1,A0,machine_3_9,seed6,/root/bachelor-thesis-2026/outputs/benchmark/online/smd/thesis/O1_A0/machine_3_9/seed6/online_metrics.json,/root/bachelor-thesis-2026/outputs/reporting/online_phase_tables/online_metrics_99/thesis__O1_A0__machine_3_9__seed6__online_metrics.json,thesis__O1_A0__machine_3_9__seed6__online_metrics.json,10459386,99a2277a6d2100ded51c8aaccd6898f09fbf79a4e500963ae573d580c036564b
36,THESIS,thesis,O1,A0,machine_3_9,seed8,/root/bachelor-thesis-2026/outputs/benchmark/online/smd/thesis/O1_A0/machine_3_9/seed8/online_metrics.json,/root/bachelor-thesis-2026/outputs/reporting/online_phase_tables/online_metrics_99/thesis__O1_A0__machine_3_9__seed8__online_metrics.json,thesis__O1_A0__machine_3_9__seed8__online_metrics.json,10455004,6606bc76393b4e8901b310c550a6add317fd99b6d03d69d2d50e811c934e7ba7
37,THESIS,thesis,O1,A1,machine_1_6,seed36,/root/bachelor-thesis-2026/outputs/benchmark/online/smd/thesis/O1_A1/machine_1_6/seed36/online_metrics.json,/root/bachelor-thesis-2026/outputs/reporting/online_phase_tables/online_metrics_99/thesis__O1_A1__machine_1_6__seed36__online_metrics.json,thesis__O1_A1__machine_1_6__seed36__online_metrics.json,2200737,1dc7890e777757dadc57223cc4351bd8bf2587de3260a699eb37c583ff440a2f
38,THESIS,thesis,O1,A1,machine_1_6,seed6,/root/bachelor-thesis-2026/outputs/benchmark/online/smd/thesis/O1_A1/machine_1_6/seed6/online_metrics.json,/root/bachelor-thesis-2026/outputs/reporting/online_phase_tables/online_metrics_99/thesis__O1_A1__machine_1_6__seed6__online_metrics.json,thesis__O1_A1__machine_1_6__seed6__online_metrics.json,2203091,cc387dd7e3a4564459b1394d8ba37303a91ae13fa7be12afe42ef4fdcde0f78f
39,THESIS,thesis,O1,A1,machine_1_6,seed8,/root/bachelor-thesis-2026/outputs/benchmark/online/smd/thesis/O1_A1/machine_1_6/seed8/online_metrics.json,/root/bachelor-thesis-2026/outputs/reporting/online_phase_tables/online_metrics_99/thesis__O1_A1__machine_1_6__seed8__online_metrics.json,thesis__O1_A1__machine_1_6__seed8__online_metrics.json,2202662,7dd9460573f1cb3ad303e5100baa5852b2c92c41af431a1c2568647201368af2
40,THESIS,thesis,O1,A1,machine_3_4,seed36,/root/bachelor-thesis-2026/outputs/benchmark/online/smd/thesis/O1_A1/machine_3_4/seed36/online_metrics.json,/root/bachelor-thesis-2026/outputs/reporting/online_phase_tables/online_metrics_99/thesis__O1_A1__machine_3_4__seed36__online_metrics.json,thesis__O1_A1__machine_3_4__seed36__online_metrics.json,3763797,77d2525ab9f8318d6e33cffb5f462fa6972e59b5834e2d01180aa3eba98c41d1
41,THESIS,thesis,O1,A1,machine_3_4,seed6,/root/bachelor-thesis-2026/outputs/benchmark/online/smd/thesis/O1_A1/machine_3_4/seed6/online_metrics.json,/root/bachelor-thesis-2026/outputs/reporting/online_phase_tables/online_metrics_99/thesis__O1_A1__machine_3_4__seed6__online_metrics.json,thesis__O1_A1__machine_3_4__seed6__online_metrics.json,3742425,4aecef9b5c7fb523236de9141de22a177927a2b156d4d9b8f110b2705e1a6b17
42,THESIS,thesis,O1,A1,machine_3_4,seed8,/root/bachelor-thesis-2026/outputs/benchmark/online/smd/thesis/O1_A1/machine_3_4/seed8/online_metrics.json,/root/bachelor-thesis-2026/outputs/reporting/online_phase_tables/online_metrics_99/thesis__O1_A1__machine_3_4__seed8__online_metrics.json,thesis__O1_A1__machine_3_4__seed8__online_metrics.json,3744999,bbe4450b2ccaeeb01b28f1efc3e76483ede54ea744ad910cd7fbc8aea13f17b6
43,THESIS,thesis,O1,A1,machine_3_9,seed36,/root/bachelor-thesis-2026/outputs/benchmark/online/smd/thesis/O1_A1/machine_3_9/seed36/online_metrics.json,/root/bachelor-thesis-2026/outputs/reporting/online_phase_tables/online_metrics_99/thesis__O1_A1__machine_3_9__seed36__online_metrics.json,thesis__O1_A1__machine_3_9__seed36__online_metrics.json,10503060,de09455cc8e892f82ff600f890063aeafb9cfb78941ae44e711e9a52275fa1b4
44,THESIS,thesis,O1,A1,machine_3_9,seed6,/root/bachelor-thesis-2026/outputs/benchmark/online/smd/thesis/O1_A1/machine_3_9/seed6/online_metrics.json,/root/bachelor-thesis-2026/outputs/reporting/online_phase_tables/online_metrics_99/thesis__O1_A1__machine_3_9__seed6__online_metrics.json,thesis__O1_A1__machine_3_9__seed6__online_metrics.json,10503681,db597af6f4d723d621ed58d75c1fe92bf45d30b1a52c5bcf12303197c523d8f3
45,THESIS,thesis,O1,A1,machine_3_9,seed8,/root/bachelor-thesis-2026/outputs/benchmark/online/smd/thesis/O1_A1/machine_3_9/seed8/online_metrics.json,/root/bachelor-thesis-2026/outputs/reporting/online_phase_tables/online_metrics_99/thesis__O1_A1__machine_3_9__seed8__online_metrics.json,thesis__O1_A1__machine_3_9__seed8__online_metrics.json,10505732,d96f5e7e84f26b37e916428302fca41c76a26f9ce35898ec6c90ede12e4e44f8
46,THESIS,thesis,O1,A2,machine_1_6,seed36,/root/bachelor-thesis-2026/outputs/benchmark/online/smd/thesis/O1_A2/machine_1_6/seed36/online_metrics.json,/root/bachelor-thesis-2026/outputs/reporting/online_phase_tables/online_metrics_99/thesis__O1_A2__machine_1_6__seed36__online_metrics.json,thesis__O1_A2__machine_1_6__seed36__online_metrics.json,2200947,094c7196a127f5274f8d43c969fb0d33d3fbdd8357f87fabe8a9571c3eafacba
47,THESIS,thesis,O1,A2,machine_1_6,seed6,/root/bachelor-thesis-2026/outputs/benchmark/online/smd/thesis/O1_A2/machine_1_6/seed6/online_metrics.json,/root/bachelor-thesis-2026/outputs/reporting/online_phase_tables/online_metrics_99/thesis__O1_A2__machine_1_6__seed6__online_metrics.json,thesis__O1_A2__machine_1_6__seed6__online_metrics.json,2203229,510a7590c8db657de497d25667f1275209feca3c6628454acf0a960eb6ac3281
48,THESIS,thesis,O1,A2,machine_1_6,seed8,/root/bachelor-thesis-2026/outputs/benchmark/online/smd/thesis/O1_A2/machine_1_6/seed8/online_metrics.json,/root/bachelor-thesis-2026/outputs/reporting/online_phase_tables/online_metrics_99/thesis__O1_A2__machine_1_6__seed8__online_metrics.json,thesis__O1_A2__machine_1_6__seed8__online_metrics.json,2202837,03f604c0bde3d4afcba4e3eb98754577f6a81a6c29f89c9ee22139820bf6c3f6
49,THESIS,thesis,O1,A2,machine_3_4,seed36,/root/bachelor-thesis-2026/outputs/benchmark/online/smd/thesis/O1_A2/machine_3_4/seed36/online_metrics.json,/root/bachelor-thesis-2026/outputs/reporting/online_phase_tables/online_metrics_99/thesis__O1_A2__machine_3_4__seed36__online_metrics.json,thesis__O1_A2__machine_3_4__seed36__online_metrics.json,3755387,0a22a33d4fd03233ffb7a74e49b5899d0c9c52d27acef6de1a41dc0dcc274df7
50,THESIS,thesis,O1,A2,machine_3_4,seed6,/root/bachelor-thesis-2026/outputs/benchmark/online/smd/thesis/O1_A2/machine_3_4/seed6/online_metrics.json,/root/bachelor-thesis-2026/outputs/reporting/online_phase_tables/online_metrics_99/thesis__O1_A2__machine_3_4__seed6__online_metrics.json,thesis__O1_A2__machine_3_4__seed6__online_metrics.json,3743699,4459272486548f834170f87b31ef638ed45ee561ed39a9191d67a5b855b7d862
51,THESIS,thesis,O1,A2,machine_3_4,seed8,/root/bachelor-thesis-2026/outputs/benchmark/online/smd/thesis/O1_A2/machine_3_4/seed8/online_metrics.json,/root/bachelor-thesis-2026/outputs/reporting/online_phase_tables/online_metrics_99/thesis__O1_A2__machine_3_4__seed8__online_metrics.json,thesis__O1_A2__machine_3_4__seed8__online_metrics.json,3745280,07045dd332480cd8b69792faf72adc3dcf39434b972ed59c9b113bb5532821da
52,THESIS,thesis,O1,A2,machine_3_9,seed36,/root/bachelor-thesis-2026/outputs/benchmark/online/smd/thesis/O1_A2/machine_3_9/seed36/online_metrics.json,/root/bachelor-thesis-2026/outputs/reporting/online_phase_tables/online_metrics_99/thesis__O1_A2__machine_3_9__seed36__online_metrics.json,thesis__O1_A2__machine_3_9__seed36__online_metrics.json,10503943,0b7e5920bec75471eee35885c8a05548ec0af75e9014c51c7fe127c08cebc55b
53,THESIS,thesis,O1,A2,machine_3_9,seed6,/root/bachelor-thesis-2026/outputs/benchmark/online/smd/thesis/O1_A2/machine_3_9/seed6/online_metrics.json,/root/bachelor-thesis-2026/outputs/reporting/online_phase_tables/online_metrics_99/thesis__O1_A2__machine_3_9__seed6__online_metrics.json,thesis__O1_A2__machine_3_9__seed6__online_metrics.json,10505027,3bed242c945930a64926b0e585c1c245e839cfb6daeb084638032ea93fd8ea14
54,THESIS,thesis,O1,A2,machine_3_9,seed8,/root/bachelor-thesis-2026/outputs/benchmark/online/smd/thesis/O1_A2/machine_3_9/seed8/online_metrics.json,/root/bachelor-thesis-2026/outputs/reporting/online_phase_tables/online_metrics_99/thesis__O1_A2__machine_3_9__seed8__online_metrics.json,thesis__O1_A2__machine_3_9__seed8__online_metrics.json,10506417,f5d48d3af811f36003e94edf27ae33d11a99c5b2ee0cfb7e563cf27da989e7c7
55,deep_learning,candi,,main,machine_1_6,seed36,/root/bachelor-thesis-2026/outputs/benchmark/online_streaming/smd/candi/reference_adapter_redlamp_encoder/machine_1_6/seed36/online_metrics.json,/root/bachelor-thesis-2026/outputs/reporting/online_phase_tables/online_metrics_99/baseline__candi__main__machine_1_6__seed36__online_metrics.json,baseline__candi__main__machine_1_6__seed36__online_metrics.json,1000472,11f3de02fdd39fcdfbfba5c500e22f01a40c658080c22b47a26c46e073bba20f
56,deep_learning,candi,,main,machine_1_6,seed6,/root/bachelor-thesis-2026/outputs/benchmark/online_streaming/smd/candi/reference_adapter_redlamp_encoder/machine_1_6/seed6/online_metrics.json,/root/bachelor-thesis-2026/outputs/reporting/online_phase_tables/online_metrics_99/baseline__candi__main__machine_1_6__seed6__online_metrics.json,baseline__candi__main__machine_1_6__seed6__online_metrics.json,1000041,a501e7de5ba73a998fbf49dbf2f0c830619708571fa47f3013956b87dba9f265
57,deep_learning,candi,,main,machine_1_6,seed8,/root/bachelor-thesis-2026/outputs/benchmark/online_streaming/smd/candi/reference_adapter_redlamp_encoder/machine_1_6/seed8/online_metrics.json,/root/bachelor-thesis-2026/outputs/reporting/online_phase_tables/online_metrics_99/baseline__candi__main__machine_1_6__seed8__online_metrics.json,baseline__candi__main__machine_1_6__seed8__online_metrics.json,997068,37d3daa95cfec53dd16f1f2a62662c1f78e1e1a658715ac1fe7285b06caefe0b
58,deep_learning,candi,,main,machine_3_4,seed36,/root/bachelor-thesis-2026/outputs/benchmark/online_streaming/smd/candi/reference_adapter_redlamp_encoder/machine_3_4/seed36/online_metrics.json,/root/bachelor-thesis-2026/outputs/reporting/online_phase_tables/online_metrics_99/baseline__candi__main__machine_3_4__seed36__online_metrics.json,baseline__candi__main__machine_3_4__seed36__online_metrics.json,1682929,8691b41be0d10f7f141baebabc1b132a40f5dcf20fb116df38792793d60b25db
59,deep_learning,candi,,main,machine_3_4,seed6,/root/bachelor-thesis-2026/outputs/benchmark/online_streaming/smd/candi/reference_adapter_redlamp_encoder/machine_3_4/seed6/online_metrics.json,/root/bachelor-thesis-2026/outputs/reporting/online_phase_tables/online_metrics_99/baseline__candi__main__machine_3_4__seed6__online_metrics.json,baseline__candi__main__machine_3_4__seed6__online_metrics.json,1682404,fad93075466d5dc3f33473ae9b9b49cb37c30543ff85c8ca11143970fb931d19
60,deep_learning,candi,,main,machine_3_4,seed8,/root/bachelor-thesis-2026/outputs/benchmark/online_streaming/smd/candi/reference_adapter_redlamp_encoder/machine_3_4/seed8/online_metrics.json,/root/bachelor-thesis-2026/outputs/reporting/online_phase_tables/online_metrics_99/baseline__candi__main__machine_3_4__seed8__online_metrics.json,baseline__candi__main__machine_3_4__seed8__online_metrics.json,1682755,dc24b20ad459bafb0d18962ffe5feda797dfb0ef12f1d3126e21945c862df61b
61,deep_learning,candi,,main,machine_3_9,seed36,/root/bachelor-thesis-2026/outputs/benchmark/online_streaming/smd/candi/reference_adapter_redlamp_encoder/machine_3_9/seed36/online_metrics.json,/root/bachelor-thesis-2026/outputs/reporting/online_phase_tables/online_metrics_99/baseline__candi__main__machine_3_9__seed36__online_metrics.json,baseline__candi__main__machine_3_9__seed36__online_metrics.json,4763040,bb7cbaf01c5a7ddec5d544eee572a425011a7ed7cb0867861ddae142553fe390
62,deep_learning,candi,,main,machine_3_9,seed6,/root/bachelor-thesis-2026/outputs/benchmark/online_streaming/smd/candi/reference_adapter_redlamp_encoder/machine_3_9/seed6/online_metrics.json,/root/bachelor-thesis-2026/outputs/reporting/online_phase_tables/online_metrics_99/baseline__candi__main__machine_3_9__seed6__online_metrics.json,baseline__candi__main__machine_3_9__seed6__online_metrics.json,4761310,eb013a729b415b620e665a422cde4e63fc2ccd98cee8bc97f4f7311379fa569c
63,deep_learning,candi,,main,machine_3_9,seed8,/root/bachelor-thesis-2026/outputs/benchmark/online_streaming/smd/candi/reference_adapter_redlamp_encoder/machine_3_9/seed8/online_metrics.json,/root/bachelor-thesis-2026/outputs/reporting/online_phase_tables/online_metrics_99/baseline__candi__main__machine_3_9__seed8__online_metrics.json,baseline__candi__main__machine_3_9__seed8__online_metrics.json,4763882,16698d6883f1b17898c4d5e5a61779b2b2ac5cd00ede4b463b9ee107f69939d3
64,deep_learning,m2n2,,main,machine_1_6,seed36,/root/bachelor-thesis-2026/outputs/benchmark/online_streaming/smd/m2n2/reference_adapter_redlamp_encoder/machine_1_6/seed36/online_metrics.json,/root/bachelor-thesis-2026/outputs/reporting/online_phase_tables/online_metrics_99/baseline__m2n2__main__machine_1_6__seed36__online_metrics.json,baseline__m2n2__main__machine_1_6__seed36__online_metrics.json,1024761,e499fc42d85f0d59ab7cec69ac2941967c5654d3add39750b84c3eb8e783497f
65,deep_learning,m2n2,,main,machine_1_6,seed6,/root/bachelor-thesis-2026/outputs/benchmark/online_streaming/smd/m2n2/reference_adapter_redlamp_encoder/machine_1_6/seed6/online_metrics.json,/root/bachelor-thesis-2026/outputs/reporting/online_phase_tables/online_metrics_99/baseline__m2n2__main__machine_1_6__seed6__online_metrics.json,baseline__m2n2__main__machine_1_6__seed6__online_metrics.json,1024710,d7173b2aa23958d4e2caabf0b27b3c3bd14c2ef04fee7308a4a5e234cb369643
66,deep_learning,m2n2,,main,machine_1_6,seed8,/root/bachelor-thesis-2026/outputs/benchmark/online_streaming/smd/m2n2/reference_adapter_redlamp_encoder/machine_1_6/seed8/online_metrics.json,/root/bachelor-thesis-2026/outputs/reporting/online_phase_tables/online_metrics_99/baseline__m2n2__main__machine_1_6__seed8__online_metrics.json,baseline__m2n2__main__machine_1_6__seed8__online_metrics.json,1025191,3610ae92f72758ea77f45e048c158e3926cc454e3afe1e43f4521cb8ad4f8fde
67,deep_learning,m2n2,,main,machine_3_4,seed36,/root/bachelor-thesis-2026/outputs/benchmark/online_streaming/smd/m2n2/reference_adapter_redlamp_encoder/machine_3_4/seed36/online_metrics.json,/root/bachelor-thesis-2026/outputs/reporting/online_phase_tables/online_metrics_99/baseline__m2n2__main__machine_3_4__seed36__online_metrics.json,baseline__m2n2__main__machine_3_4__seed36__online_metrics.json,1677536,13a545683c564e74e0d81a2918c88eeb895288a71945429161aff6df831e285c
68,deep_learning,m2n2,,main,machine_3_4,seed6,/root/bachelor-thesis-2026/outputs/benchmark/online_streaming/smd/m2n2/reference_adapter_redlamp_encoder/machine_3_4/seed6/online_metrics.json,/root/bachelor-thesis-2026/outputs/reporting/online_phase_tables/online_metrics_99/baseline__m2n2__main__machine_3_4__seed6__online_metrics.json,baseline__m2n2__main__machine_3_4__seed6__online_metrics.json,1681046,5b697b73c9bd2056362d67b71772832972036e82cb5455d977b827c30395a8e2
69,deep_learning,m2n2,,main,machine_3_4,seed8,/root/bachelor-thesis-2026/outputs/benchmark/online_streaming/smd/m2n2/reference_adapter_redlamp_encoder/machine_3_4/seed8/online_metrics.json,/root/bachelor-thesis-2026/outputs/reporting/online_phase_tables/online_metrics_99/baseline__m2n2__main__machine_3_4__seed8__online_metrics.json,baseline__m2n2__main__machine_3_4__seed8__online_metrics.json,1677540,7ad37ffd5365193e956bdc3071bcbf3eedc36e008a9805b640b726142d95f427
70,deep_learning,m2n2,,main,machine_3_9,seed36,/root/bachelor-thesis-2026/outputs/benchmark/online_streaming/smd/m2n2/reference_adapter_redlamp_encoder/machine_3_9/seed36/online_metrics.json,/root/bachelor-thesis-2026/outputs/reporting/online_phase_tables/online_metrics_99/baseline__m2n2__main__machine_3_9__seed36__online_metrics.json,baseline__m2n2__main__machine_3_9__seed36__online_metrics.json,4898845,7721e4791af339c841bb5aaeac287cc8fc45a4af5dc2857a05113bf1519bf03f
71,deep_learning,m2n2,,main,machine_3_9,seed6,/root/bachelor-thesis-2026/outputs/benchmark/online_streaming/smd/m2n2/reference_adapter_redlamp_encoder/machine_3_9/seed6/online_metrics.json,/root/bachelor-thesis-2026/outputs/reporting/online_phase_tables/online_metrics_99/baseline__m2n2__main__machine_3_9__seed6__online_metrics.json,baseline__m2n2__main__machine_3_9__seed6__online_metrics.json,4898190,a017917843b2248042be401dad7b3b63781ca7d2ee06af9e206ba29d086c92c6
72,deep_learning,m2n2,,main,machine_3_9,seed8,/root/bachelor-thesis-2026/outputs/benchmark/online_streaming/smd/m2n2/reference_adapter_redlamp_encoder/machine_3_9/seed8/online_metrics.json,/root/bachelor-thesis-2026/outputs/reporting/online_phase_tables/online_metrics_99/baseline__m2n2__main__machine_3_9__seed8__online_metrics.json,baseline__m2n2__main__machine_3_9__seed8__online_metrics.json,4898600,f46c048365e5dd3b27f0a95fae0856e9004490427368f359694c9be42bcb88ff
73,traditional_ml,iforest,,main,machine_1_6,seed36,/root/bachelor-thesis-2026/outputs/benchmark/online_streaming/smd/iforest/main/machine_1_6/seed36/online_metrics.json,/root/bachelor-thesis-2026/outputs/reporting/online_phase_tables/online_metrics_99/baseline__iforest__main__machine_1_6__seed36__online_metrics.json,baseline__iforest__main__machine_1_6__seed36__online_metrics.json,750476,0c282a48ac73f9bd431a8dc5e6e9160d8855df2f45420e7e52b1c098ed89be64
74,traditional_ml,iforest,,main,machine_1_6,seed6,/root/bachelor-thesis-2026/outputs/benchmark/online_streaming/smd/iforest/main/machine_1_6/seed6/online_metrics.json,/root/bachelor-thesis-2026/outputs/reporting/online_phase_tables/online_metrics_99/baseline__iforest__main__machine_1_6__seed6__online_metrics.json,baseline__iforest__main__machine_1_6__seed6__online_metrics.json,750311,f44eeedfa61292a4e2bceb9b404b6fcd36b75852c9337aaf5377e9697788bacd
75,traditional_ml,iforest,,main,machine_1_6,seed8,/root/bachelor-thesis-2026/outputs/benchmark/online_streaming/smd/iforest/main/machine_1_6/seed8/online_metrics.json,/root/bachelor-thesis-2026/outputs/reporting/online_phase_tables/online_metrics_99/baseline__iforest__main__machine_1_6__seed8__online_metrics.json,baseline__iforest__main__machine_1_6__seed8__online_metrics.json,752604,c7524cb6553df5e0aa7cb7b30ec2fc0d6b2ca9384c38e536ff66c84bbbb17a1b
76,traditional_ml,iforest,,main,machine_3_4,seed36,/root/bachelor-thesis-2026/outputs/benchmark/online_streaming/smd/iforest/main/machine_3_4/seed36/online_metrics.json,/root/bachelor-thesis-2026/outputs/reporting/online_phase_tables/online_metrics_99/baseline__iforest__main__machine_3_4__seed36__online_metrics.json,baseline__iforest__main__machine_3_4__seed36__online_metrics.json,1275672,c3be7c4489a746d50738cad3c2f47e7014a8fae44d198262c2d311706e9693cb
77,traditional_ml,iforest,,main,machine_3_4,seed6,/root/bachelor-thesis-2026/outputs/benchmark/online_streaming/smd/iforest/main/machine_3_4/seed6/online_metrics.json,/root/bachelor-thesis-2026/outputs/reporting/online_phase_tables/online_metrics_99/baseline__iforest__main__machine_3_4__seed6__online_metrics.json,baseline__iforest__main__machine_3_4__seed6__online_metrics.json,1279233,44c11d6ff786110509faf9329fd9802b61b2235fafdd3bbf2a7b4f012c648ebc
78,traditional_ml,iforest,,main,machine_3_4,seed8,/root/bachelor-thesis-2026/outputs/benchmark/online_streaming/smd/iforest/main/machine_3_4/seed8/online_metrics.json,/root/bachelor-thesis-2026/outputs/reporting/online_phase_tables/online_metrics_99/baseline__iforest__main__machine_3_4__seed8__online_metrics.json,baseline__iforest__main__machine_3_4__seed8__online_metrics.json,1278873,f0a75a5b48e1877381666b0cc9af1ae65a79d2848116dc7feee361ede96b1446
79,traditional_ml,iforest,,main,machine_3_9,seed36,/root/bachelor-thesis-2026/outputs/benchmark/online_streaming/smd/iforest/main/machine_3_9/seed36/online_metrics.json,/root/bachelor-thesis-2026/outputs/reporting/online_phase_tables/online_metrics_99/baseline__iforest__main__machine_3_9__seed36__online_metrics.json,baseline__iforest__main__machine_3_9__seed36__online_metrics.json,3531898,4dbb8ac73a7178d08b84b90930dfee106950fdd5eb77eeaa7c55461c992e156b
80,traditional_ml,iforest,,main,machine_3_9,seed6,/root/bachelor-thesis-2026/outputs/benchmark/online_streaming/smd/iforest/main/machine_3_9/seed6/online_metrics.json,/root/bachelor-thesis-2026/outputs/reporting/online_phase_tables/online_metrics_99/baseline__iforest__main__machine_3_9__seed6__online_metrics.json,baseline__iforest__main__machine_3_9__seed6__online_metrics.json,3547814,2d8999e3eb015206af62b7c5a717a025386bd1bea6da59736a336f9f5caf2861
81,traditional_ml,iforest,,main,machine_3_9,seed8,/root/bachelor-thesis-2026/outputs/benchmark/online_streaming/smd/iforest/main/machine_3_9/seed8/online_metrics.json,/root/bachelor-thesis-2026/outputs/reporting/online_phase_tables/online_metrics_99/baseline__iforest__main__machine_3_9__seed8__online_metrics.json,baseline__iforest__main__machine_3_9__seed8__online_metrics.json,3535483,c8f17684d364a5fbb17d696b368819cbe663f0c99bcb67a3c3f442af5aab5ea2
82,traditional_ml,kmeans_ad,,main,machine_1_6,seed36,/root/bachelor-thesis-2026/outputs/benchmark/online_streaming/smd/kmeans_ad/main/machine_1_6/seed36/online_metrics.json,/root/bachelor-thesis-2026/outputs/reporting/online_phase_tables/online_metrics_99/baseline__kmeans_ad__main__machine_1_6__seed36__online_metrics.json,baseline__kmeans_ad__main__machine_1_6__seed36__online_metrics.json,718003,da21376785429eada2e4771c96d019f8222a9a0e5f64c53ace88b601658a7d0b
83,traditional_ml,kmeans_ad,,main,machine_1_6,seed6,/root/bachelor-thesis-2026/outputs/benchmark/online_streaming/smd/kmeans_ad/main/machine_1_6/seed6/online_metrics.json,/root/bachelor-thesis-2026/outputs/reporting/online_phase_tables/online_metrics_99/baseline__kmeans_ad__main__machine_1_6__seed6__online_metrics.json,baseline__kmeans_ad__main__machine_1_6__seed6__online_metrics.json,720221,da413be019e9024238e871c99aead4615d7ca6e417569cef9c791c5ebf166f18
84,traditional_ml,kmeans_ad,,main,machine_1_6,seed8,/root/bachelor-thesis-2026/outputs/benchmark/online_streaming/smd/kmeans_ad/main/machine_1_6/seed8/online_metrics.json,/root/bachelor-thesis-2026/outputs/reporting/online_phase_tables/online_metrics_99/baseline__kmeans_ad__main__machine_1_6__seed8__online_metrics.json,baseline__kmeans_ad__main__machine_1_6__seed8__online_metrics.json,719975,46401b61494f7f6f92770164ba2b6080eab4df6b386dfffa7d520cfb04acda26
85,traditional_ml,kmeans_ad,,main,machine_3_4,seed36,/root/bachelor-thesis-2026/outputs/benchmark/online_streaming/smd/kmeans_ad/main/machine_3_4/seed36/online_metrics.json,/root/bachelor-thesis-2026/outputs/reporting/online_phase_tables/online_metrics_99/baseline__kmeans_ad__main__machine_3_4__seed36__online_metrics.json,baseline__kmeans_ad__main__machine_3_4__seed36__online_metrics.json,1222110,dcb7bbe4410245b7ced47bdc960235dc03591375e96e101507979f487c0b44eb
86,traditional_ml,kmeans_ad,,main,machine_3_4,seed6,/root/bachelor-thesis-2026/outputs/benchmark/online_streaming/smd/kmeans_ad/main/machine_3_4/seed6/online_metrics.json,/root/bachelor-thesis-2026/outputs/reporting/online_phase_tables/online_metrics_99/baseline__kmeans_ad__main__machine_3_4__seed6__online_metrics.json,baseline__kmeans_ad__main__machine_3_4__seed6__online_metrics.json,1218655,784281f9cad564bd7fb91bc19f2404d9632a743f4740bc99500cfbea0e546f22
87,traditional_ml,kmeans_ad,,main,machine_3_4,seed8,/root/bachelor-thesis-2026/outputs/benchmark/online_streaming/smd/kmeans_ad/main/machine_3_4/seed8/online_metrics.json,/root/bachelor-thesis-2026/outputs/reporting/online_phase_tables/online_metrics_99/baseline__kmeans_ad__main__machine_3_4__seed8__online_metrics.json,baseline__kmeans_ad__main__machine_3_4__seed8__online_metrics.json,1222344,755e332852f6bc9605f290b962f439562cb252d58b860692078aebe09c73d6c5
88,traditional_ml,kmeans_ad,,main,machine_3_9,seed36,/root/bachelor-thesis-2026/outputs/benchmark/online_streaming/smd/kmeans_ad/main/machine_3_9/seed36/online_metrics.json,/root/bachelor-thesis-2026/outputs/reporting/online_phase_tables/online_metrics_99/baseline__kmeans_ad__main__machine_3_9__seed36__online_metrics.json,baseline__kmeans_ad__main__machine_3_9__seed36__online_metrics.json,3435537,fddc512601436a055ff84e859b06b0edd229f873c8c93317ffe347009fe155fa
89,traditional_ml,kmeans_ad,,main,machine_3_9,seed6,/root/bachelor-thesis-2026/outputs/benchmark/online_streaming/smd/kmeans_ad/main/machine_3_9/seed6/online_metrics.json,/root/bachelor-thesis-2026/outputs/reporting/online_phase_tables/online_metrics_99/baseline__kmeans_ad__main__machine_3_9__seed6__online_metrics.json,baseline__kmeans_ad__main__machine_3_9__seed6__online_metrics.json,3424214,6a7970f24068f6cdac599cc1001f7c2c879daa525727aff6382c89a4a75a3e71
90,traditional_ml,kmeans_ad,,main,machine_3_9,seed8,/root/bachelor-thesis-2026/outputs/benchmark/online_streaming/smd/kmeans_ad/main/machine_3_9/seed8/online_metrics.json,/root/bachelor-thesis-2026/outputs/reporting/online_phase_tables/online_metrics_99/baseline__kmeans_ad__main__machine_3_9__seed8__online_metrics.json,baseline__kmeans_ad__main__machine_3_9__seed8__online_metrics.json,3433980,01b0b2eb366d46c5eff73557e8c68192c481ae072a9d00f485df59d78bced2ad
91,traditional_ml,stumpy,,main,machine_1_6,seed36,/root/bachelor-thesis-2026/outputs/benchmark/online_streaming/smd/stumpy/main/machine_1_6/seed36/online_metrics.json,/root/bachelor-thesis-2026/outputs/reporting/online_phase_tables/online_metrics_99/baseline__stumpy__main__machine_1_6__seed36__online_metrics.json,baseline__stumpy__main__machine_1_6__seed36__online_metrics.json,717452,04dabcb53abba85fc316f09ceba865520fa5194da5d7c80db5990e18034fc37d
92,traditional_ml,stumpy,,main,machine_1_6,seed6,/root/bachelor-thesis-2026/outputs/benchmark/online_streaming/smd/stumpy/main/machine_1_6/seed6/online_metrics.json,/root/bachelor-thesis-2026/outputs/reporting/online_phase_tables/online_metrics_99/baseline__stumpy__main__machine_1_6__seed6__online_metrics.json,baseline__stumpy__main__machine_1_6__seed6__online_metrics.json,717452,04dabcb53abba85fc316f09ceba865520fa5194da5d7c80db5990e18034fc37d
93,traditional_ml,stumpy,,main,machine_1_6,seed8,/root/bachelor-thesis-2026/outputs/benchmark/online_streaming/smd/stumpy/main/machine_1_6/seed8/online_metrics.json,/root/bachelor-thesis-2026/outputs/reporting/online_phase_tables/online_metrics_99/baseline__stumpy__main__machine_1_6__seed8__online_metrics.json,baseline__stumpy__main__machine_1_6__seed8__online_metrics.json,717452,04dabcb53abba85fc316f09ceba865520fa5194da5d7c80db5990e18034fc37d
94,traditional_ml,stumpy,,main,machine_3_4,seed36,/root/bachelor-thesis-2026/outputs/benchmark/online_streaming/smd/stumpy/main/machine_3_4/seed36/online_metrics.json,/root/bachelor-thesis-2026/outputs/reporting/online_phase_tables/online_metrics_99/baseline__stumpy__main__machine_3_4__seed36__online_metrics.json,baseline__stumpy__main__machine_3_4__seed36__online_metrics.json,1221853,69b59290d64248a6fd9d4dec4a4c74d2705af9a0925026286b872d2ae1be020b
95,traditional_ml,stumpy,,main,machine_3_4,seed6,/root/bachelor-thesis-2026/outputs/benchmark/online_streaming/smd/stumpy/main/machine_3_4/seed6/online_metrics.json,/root/bachelor-thesis-2026/outputs/reporting/online_phase_tables/online_metrics_99/baseline__stumpy__main__machine_3_4__seed6__online_metrics.json,baseline__stumpy__main__machine_3_4__seed6__online_metrics.json,1221853,69b59290d64248a6fd9d4dec4a4c74d2705af9a0925026286b872d2ae1be020b
96,traditional_ml,stumpy,,main,machine_3_4,seed8,/root/bachelor-thesis-2026/outputs/benchmark/online_streaming/smd/stumpy/main/machine_3_4/seed8/online_metrics.json,/root/bachelor-thesis-2026/outputs/reporting/online_phase_tables/online_metrics_99/baseline__stumpy__main__machine_3_4__seed8__online_metrics.json,baseline__stumpy__main__machine_3_4__seed8__online_metrics.json,1221853,69b59290d64248a6fd9d4dec4a4c74d2705af9a0925026286b872d2ae1be020b
97,traditional_ml,stumpy,,main,machine_3_9,seed36,/root/bachelor-thesis-2026/outputs/benchmark/online_streaming/smd/stumpy/main/machine_3_9/seed36/online_metrics.json,/root/bachelor-thesis-2026/outputs/reporting/online_phase_tables/online_metrics_99/baseline__stumpy__main__machine_3_9__seed36__online_metrics.json,baseline__stumpy__main__machine_3_9__seed36__online_metrics.json,3411494,8a5b7a868a225515d8a75c2b654630da10d2a63ea204874f31d6d78a0891c73f
98,traditional_ml,stumpy,,main,machine_3_9,seed6,/root/bachelor-thesis-2026/outputs/benchmark/online_streaming/smd/stumpy/main/machine_3_9/seed6/online_metrics.json,/root/bachelor-thesis-2026/outputs/reporting/online_phase_tables/online_metrics_99/baseline__stumpy__main__machine_3_9__seed6__online_metrics.json,baseline__stumpy__main__machine_3_9__seed6__online_metrics.json,3411494,8a5b7a868a225515d8a75c2b654630da10d2a63ea204874f31d6d78a0891c73f
99,traditional_ml,stumpy,,main,machine_3_9,seed8,/root/bachelor-thesis-2026/outputs/benchmark/online_streaming/smd/stumpy/main/machine_3_9/seed8/online_metrics.json,/root/bachelor-thesis-2026/outputs/reporting/online_phase_tables/online_metrics_99/baseline__stumpy__main__machine_3_9__seed8__online_metrics.json,baseline__stumpy__main__machine_3_9__seed8__online_metrics.json,3411494,8a5b7a868a225515d8a75c2b654630da10d2a63ea204874f31d6d78a0891c73f
