phase,metric_kind,method,method_family,offline_variant,online_variant,entity_id,seed,stage_name,status,source_path,staged_name,staged_path,size_bytes,sha256
offline,evaluation_metrics,thesis,THESIS,O0,,machine_1_6,seed36,stage_b_fusion_finetuning,available,/root/bachelor-thesis-2026/outputs/benchmark/smd/thesis/O0/machine_1_6/seed36/two_stage/stage_b_fusion_finetuning/evaluation_metrics.json,thesis__O0__machine_1_6__seed36__evaluation_metrics.json,/root/bachelor-thesis-2026/outputs/reporting/offline_phase_tables/offline_metrics_54/thesis__O0__machine_1_6__seed36__evaluation_metrics.json,955,30a388434cbdc30178533c346f2fac01f029200e8fc95ed759f7a8448c21fbc6
offline,evaluation_metrics,thesis,THESIS,O0,,machine_1_6,seed6,stage_b_fusion_finetuning,available,/root/bachelor-thesis-2026/outputs/benchmark/smd/thesis/O0/machine_1_6/seed6/two_stage/stage_b_fusion_finetuning/evaluation_metrics.json,thesis__O0__machine_1_6__seed6__evaluation_metrics.json,/root/bachelor-thesis-2026/outputs/reporting/offline_phase_tables/offline_metrics_54/thesis__O0__machine_1_6__seed6__evaluation_metrics.json,956,db2536c106206d082ee7c919911be346ccc09997a3b4612bb1431f9137e79e7f
offline,evaluation_metrics,thesis,THESIS,O0,,machine_1_6,seed8,stage_b_fusion_finetuning,available,/root/bachelor-thesis-2026/outputs/benchmark/smd/thesis/O0/machine_1_6/seed8/two_stage/stage_b_fusion_finetuning/evaluation_metrics.json,thesis__O0__machine_1_6__seed8__evaluation_metrics.json,/root/bachelor-thesis-2026/outputs/reporting/offline_phase_tables/offline_metrics_54/thesis__O0__machine_1_6__seed8__evaluation_metrics.json,956,30800e7631f7c94fccb4b8b6ea56e74d180b701c881d93a4ad5bddf3bbdc79d4
offline,evaluation_metrics,thesis,THESIS,O0,,machine_3_4,seed36,stage_b_fusion_finetuning,available,/root/bachelor-thesis-2026/outputs/benchmark/smd/thesis/O0/machine_3_4/seed36/two_stage/stage_b_fusion_finetuning/evaluation_metrics.json,thesis__O0__machine_3_4__seed36__evaluation_metrics.json,/root/bachelor-thesis-2026/outputs/reporting/offline_phase_tables/offline_metrics_54/thesis__O0__machine_3_4__seed36__evaluation_metrics.json,960,7aa1e38e4c1e61fbd53908cf6377793c5288680bfcfc284f70067a91b556692d
offline,evaluation_metrics,thesis,THESIS,O0,,machine_3_4,seed6,stage_b_fusion_finetuning,available,/root/bachelor-thesis-2026/outputs/benchmark/smd/thesis/O0/machine_3_4/seed6/two_stage/stage_b_fusion_finetuning/evaluation_metrics.json,thesis__O0__machine_3_4__seed6__evaluation_metrics.json,/root/bachelor-thesis-2026/outputs/reporting/offline_phase_tables/offline_metrics_54/thesis__O0__machine_3_4__seed6__evaluation_metrics.json,959,632b4ce633dd3848b17d63cebdcd5b42234388eeb6e69f36b48684c9b9605c1b
offline,evaluation_metrics,thesis,THESIS,O0,,machine_3_4,seed8,stage_b_fusion_finetuning,available,/root/bachelor-thesis-2026/outputs/benchmark/smd/thesis/O0/machine_3_4/seed8/two_stage/stage_b_fusion_finetuning/evaluation_metrics.json,thesis__O0__machine_3_4__seed8__evaluation_metrics.json,/root/bachelor-thesis-2026/outputs/reporting/offline_phase_tables/offline_metrics_54/thesis__O0__machine_3_4__seed8__evaluation_metrics.json,958,4aee52aff6a17becbfa37cacf5ec61e0fc12cc38b1d115758504fd475aeba9a8
offline,evaluation_metrics,thesis,THESIS,O0,,machine_3_9,seed36,stage_b_fusion_finetuning,available,/root/bachelor-thesis-2026/outputs/benchmark/smd/thesis/O0/machine_3_9/seed36/two_stage/stage_b_fusion_finetuning/evaluation_metrics.json,thesis__O0__machine_3_9__seed36__evaluation_metrics.json,/root/bachelor-thesis-2026/outputs/reporting/offline_phase_tables/offline_metrics_54/thesis__O0__machine_3_9__seed36__evaluation_metrics.json,957,74adc6ad7bed888becdc82ce6c3e6b71adc44b4f5997dc3698c58e02ee7a1659
offline,evaluation_metrics,thesis,THESIS,O0,,machine_3_9,seed6,stage_b_fusion_finetuning,available,/root/bachelor-thesis-2026/outputs/benchmark/smd/thesis/O0/machine_3_9/seed6/two_stage/stage_b_fusion_finetuning/evaluation_metrics.json,thesis__O0__machine_3_9__seed6__evaluation_metrics.json,/root/bachelor-thesis-2026/outputs/reporting/offline_phase_tables/offline_metrics_54/thesis__O0__machine_3_9__seed6__evaluation_metrics.json,957,d567557148b7c8128c5279f959cb79f30b4e6c737b826d75ff4555c8dacaa444
offline,evaluation_metrics,thesis,THESIS,O0,,machine_3_9,seed8,stage_b_fusion_finetuning,available,/root/bachelor-thesis-2026/outputs/benchmark/smd/thesis/O0/machine_3_9/seed8/two_stage/stage_b_fusion_finetuning/evaluation_metrics.json,thesis__O0__machine_3_9__seed8__evaluation_metrics.json,/root/bachelor-thesis-2026/outputs/reporting/offline_phase_tables/offline_metrics_54/thesis__O0__machine_3_9__seed8__evaluation_metrics.json,959,e4dc26599f80a7d3d3036c135258c2a22a44ddfa2e8bcf0e91082f7a2f41958e
offline,evaluation_metrics,thesis,THESIS,O1,,machine_1_6,seed36,stage_b_fusion_finetuning,available,/root/bachelor-thesis-2026/outputs/benchmark/smd/thesis/O1/machine_1_6/seed36/two_stage/stage_b_fusion_finetuning/evaluation_metrics.json,thesis__O1__machine_1_6__seed36__evaluation_metrics.json,/root/bachelor-thesis-2026/outputs/reporting/offline_phase_tables/offline_metrics_54/thesis__O1__machine_1_6__seed36__evaluation_metrics.json,956,f05853093e5b82f3e705c87285699190391721102c8da3c7a26dbf3b0c11328e
offline,evaluation_metrics,thesis,THESIS,O1,,machine_1_6,seed6,stage_b_fusion_finetuning,available,/root/bachelor-thesis-2026/outputs/benchmark/smd/thesis/O1/machine_1_6/seed6/two_stage/stage_b_fusion_finetuning/evaluation_metrics.json,thesis__O1__machine_1_6__seed6__evaluation_metrics.json,/root/bachelor-thesis-2026/outputs/reporting/offline_phase_tables/offline_metrics_54/thesis__O1__machine_1_6__seed6__evaluation_metrics.json,957,36667545f0712e9c5a262af736030fa0f020c9f5b98f35598c7e008e361b56d7
offline,evaluation_metrics,thesis,THESIS,O1,,machine_1_6,seed8,stage_b_fusion_finetuning,available,/root/bachelor-thesis-2026/outputs/benchmark/smd/thesis/O1/machine_1_6/seed8/two_stage/stage_b_fusion_finetuning/evaluation_metrics.json,thesis__O1__machine_1_6__seed8__evaluation_metrics.json,/root/bachelor-thesis-2026/outputs/reporting/offline_phase_tables/offline_metrics_54/thesis__O1__machine_1_6__seed8__evaluation_metrics.json,956,de451cb525d151fb26a97d9239940b73327e58d70f64c52bfa1bbc48fb09b756
offline,evaluation_metrics,thesis,THESIS,O1,,machine_3_4,seed36,stage_b_fusion_finetuning,available,/root/bachelor-thesis-2026/outputs/benchmark/smd/thesis/O1/machine_3_4/seed36/two_stage/stage_b_fusion_finetuning/evaluation_metrics.json,thesis__O1__machine_3_4__seed36__evaluation_metrics.json,/root/bachelor-thesis-2026/outputs/reporting/offline_phase_tables/offline_metrics_54/thesis__O1__machine_3_4__seed36__evaluation_metrics.json,962,9a1fe652eeae1ff5584007d4e38a78920cafe79976d06fcfdec8b1bfb33758d5
offline,evaluation_metrics,thesis,THESIS,O1,,machine_3_4,seed6,stage_b_fusion_finetuning,available,/root/bachelor-thesis-2026/outputs/benchmark/smd/thesis/O1/machine_3_4/seed6/two_stage/stage_b_fusion_finetuning/evaluation_metrics.json,thesis__O1__machine_3_4__seed6__evaluation_metrics.json,/root/bachelor-thesis-2026/outputs/reporting/offline_phase_tables/offline_metrics_54/thesis__O1__machine_3_4__seed6__evaluation_metrics.json,959,f67b2a9a322459973a914d1f0a1273df5ee6273a493c3123998744f284057f98
offline,evaluation_metrics,thesis,THESIS,O1,,machine_3_4,seed8,stage_b_fusion_finetuning,available,/root/bachelor-thesis-2026/outputs/benchmark/smd/thesis/O1/machine_3_4/seed8/two_stage/stage_b_fusion_finetuning/evaluation_metrics.json,thesis__O1__machine_3_4__seed8__evaluation_metrics.json,/root/bachelor-thesis-2026/outputs/reporting/offline_phase_tables/offline_metrics_54/thesis__O1__machine_3_4__seed8__evaluation_metrics.json,961,e7ff8d29f455307cbbe13626b9d00605670f5bb732d69f0f8ad90983c61f3d62
offline,evaluation_metrics,thesis,THESIS,O1,,machine_3_9,seed36,stage_b_fusion_finetuning,available,/root/bachelor-thesis-2026/outputs/benchmark/smd/thesis/O1/machine_3_9/seed36/two_stage/stage_b_fusion_finetuning/evaluation_metrics.json,thesis__O1__machine_3_9__seed36__evaluation_metrics.json,/root/bachelor-thesis-2026/outputs/reporting/offline_phase_tables/offline_metrics_54/thesis__O1__machine_3_9__seed36__evaluation_metrics.json,959,3af2f1098e2867b5e3d473acc7a5b47342810b2ddc92af22a49f18257d9dacff
offline,evaluation_metrics,thesis,THESIS,O1,,machine_3_9,seed6,stage_b_fusion_finetuning,available,/root/bachelor-thesis-2026/outputs/benchmark/smd/thesis/O1/machine_3_9/seed6/two_stage/stage_b_fusion_finetuning/evaluation_metrics.json,thesis__O1__machine_3_9__seed6__evaluation_metrics.json,/root/bachelor-thesis-2026/outputs/reporting/offline_phase_tables/offline_metrics_54/thesis__O1__machine_3_9__seed6__evaluation_metrics.json,961,82574b6c9223c8f9200662c5fd06dabd55685bf1e1f466313c94430fc0c1f357
offline,evaluation_metrics,thesis,THESIS,O1,,machine_3_9,seed8,stage_b_fusion_finetuning,available,/root/bachelor-thesis-2026/outputs/benchmark/smd/thesis/O1/machine_3_9/seed8/two_stage/stage_b_fusion_finetuning/evaluation_metrics.json,thesis__O1__machine_3_9__seed8__evaluation_metrics.json,/root/bachelor-thesis-2026/outputs/reporting/offline_phase_tables/offline_metrics_54/thesis__O1__machine_3_9__seed8__evaluation_metrics.json,956,4304d6c37eda6f6fe1fc5b77c976fceb30a350994b67977519be1c419e2de400
offline,offline_metrics,iforest,traditional_ml,,,machine_1_6,seed36,metric_summary,available,/root/bachelor-thesis-2026/outputs/benchmark/smd/offline_benchmark/iforest/machine_1_6/seed36/metrics/offline_metrics.json,iforest__machine_1_6__seed36__offline_metrics.json,/root/bachelor-thesis-2026/outputs/reporting/offline_phase_tables/offline_metrics_54/iforest__machine_1_6__seed36__offline_metrics.json,649,93f47a9eb48f71456de12cca7f450e9da0be0b705f8f9ee337b8371156938645
offline,offline_metrics,iforest,traditional_ml,,,machine_1_6,seed6,metric_summary,available,/root/bachelor-thesis-2026/outputs/benchmark/smd/offline_benchmark/iforest/machine_1_6/seed6/metrics/offline_metrics.json,iforest__machine_1_6__seed6__offline_metrics.json,/root/bachelor-thesis-2026/outputs/reporting/offline_phase_tables/offline_metrics_54/iforest__machine_1_6__seed6__offline_metrics.json,652,b5836559587df7dd0acb08292c4e90064a6b6385255df51cfdb980a5e2cba6c7
offline,offline_metrics,iforest,traditional_ml,,,machine_1_6,seed8,metric_summary,available,/root/bachelor-thesis-2026/outputs/benchmark/smd/offline_benchmark/iforest/machine_1_6/seed8/metrics/offline_metrics.json,iforest__machine_1_6__seed8__offline_metrics.json,/root/bachelor-thesis-2026/outputs/reporting/offline_phase_tables/offline_metrics_54/iforest__machine_1_6__seed8__offline_metrics.json,646,51d642376d189b3b75f806afa0fe1b5fa8948954d8d168763c6392d5440733fe
offline,offline_metrics,iforest,traditional_ml,,,machine_3_4,seed36,metric_summary,available,/root/bachelor-thesis-2026/outputs/benchmark/smd/offline_benchmark/iforest/machine_3_4/seed36/metrics/offline_metrics.json,iforest__machine_3_4__seed36__offline_metrics.json,/root/bachelor-thesis-2026/outputs/reporting/offline_phase_tables/offline_metrics_54/iforest__machine_3_4__seed36__offline_metrics.json,605,36d2717de591511f19f34415781150c597e00c8d75c1d66ed888e0a191a365cd
offline,offline_metrics,iforest,traditional_ml,,,machine_3_4,seed6,metric_summary,available,/root/bachelor-thesis-2026/outputs/benchmark/smd/offline_benchmark/iforest/machine_3_4/seed6/metrics/offline_metrics.json,iforest__machine_3_4__seed6__offline_metrics.json,/root/bachelor-thesis-2026/outputs/reporting/offline_phase_tables/offline_metrics_54/iforest__machine_3_4__seed6__offline_metrics.json,605,78fd9b929e46f5aca63164def05f6ed54821ac86b69538603a9a2653319e0b71
offline,offline_metrics,iforest,traditional_ml,,,machine_3_4,seed8,metric_summary,available,/root/bachelor-thesis-2026/outputs/benchmark/smd/offline_benchmark/iforest/machine_3_4/seed8/metrics/offline_metrics.json,iforest__machine_3_4__seed8__offline_metrics.json,/root/bachelor-thesis-2026/outputs/reporting/offline_phase_tables/offline_metrics_54/iforest__machine_3_4__seed8__offline_metrics.json,607,079addab03285031c80be5e723d80b0235ffdac4f189ff9085c83f07cc2514ca
offline,offline_metrics,iforest,traditional_ml,,,machine_3_9,seed36,metric_summary,available,/root/bachelor-thesis-2026/outputs/benchmark/smd/offline_benchmark/iforest/machine_3_9/seed36/metrics/offline_metrics.json,iforest__machine_3_9__seed36__offline_metrics.json,/root/bachelor-thesis-2026/outputs/reporting/offline_phase_tables/offline_metrics_54/iforest__machine_3_9__seed36__offline_metrics.json,656,ff12de9177c404a8560a53f44cda34ea94ea30024938c6e94429095b6a1e6927
offline,offline_metrics,iforest,traditional_ml,,,machine_3_9,seed6,metric_summary,available,/root/bachelor-thesis-2026/outputs/benchmark/smd/offline_benchmark/iforest/machine_3_9/seed6/metrics/offline_metrics.json,iforest__machine_3_9__seed6__offline_metrics.json,/root/bachelor-thesis-2026/outputs/reporting/offline_phase_tables/offline_metrics_54/iforest__machine_3_9__seed6__offline_metrics.json,653,048f16dadec765ef215ceabeed1e2ebd86a970435bfd90f48659640516a8373d
offline,offline_metrics,iforest,traditional_ml,,,machine_3_9,seed8,metric_summary,available,/root/bachelor-thesis-2026/outputs/benchmark/smd/offline_benchmark/iforest/machine_3_9/seed8/metrics/offline_metrics.json,iforest__machine_3_9__seed8__offline_metrics.json,/root/bachelor-thesis-2026/outputs/reporting/offline_phase_tables/offline_metrics_54/iforest__machine_3_9__seed8__offline_metrics.json,657,66cf4fd6b66e1b49df59a45c47934d9958bfc632c77e17ed0a67e63c9d9295d3
offline,offline_metrics,kmeans_ad,traditional_ml,,,machine_1_6,seed36,metric_summary,available,/root/bachelor-thesis-2026/outputs/benchmark/smd/offline_benchmark/kmeans_ad/machine_1_6/seed36/metrics/offline_metrics.json,kmeans_ad__machine_1_6__seed36__offline_metrics.json,/root/bachelor-thesis-2026/outputs/reporting/offline_phase_tables/offline_metrics_54/kmeans_ad__machine_1_6__seed36__offline_metrics.json,640,8f149e03789a0403db23fd546a9dd38d08054a1eb733f01d070c4f550b500fd2
offline,offline_metrics,kmeans_ad,traditional_ml,,,machine_1_6,seed6,metric_summary,available,/root/bachelor-thesis-2026/outputs/benchmark/smd/offline_benchmark/kmeans_ad/machine_1_6/seed6/metrics/offline_metrics.json,kmeans_ad__machine_1_6__seed6__offline_metrics.json,/root/bachelor-thesis-2026/outputs/reporting/offline_phase_tables/offline_metrics_54/kmeans_ad__machine_1_6__seed6__offline_metrics.json,651,b0d2edd3852bee728a1fb86b9c96d71c52598100874a8d75860fd71a9d01e80f
offline,offline_metrics,kmeans_ad,traditional_ml,,,machine_1_6,seed8,metric_summary,available,/root/bachelor-thesis-2026/outputs/benchmark/smd/offline_benchmark/kmeans_ad/machine_1_6/seed8/metrics/offline_metrics.json,kmeans_ad__machine_1_6__seed8__offline_metrics.json,/root/bachelor-thesis-2026/outputs/reporting/offline_phase_tables/offline_metrics_54/kmeans_ad__machine_1_6__seed8__offline_metrics.json,654,875c64cbf72f51ff4824e965b7fab1a9463bc251d601353ceb201e3fb6e66838
offline,offline_metrics,kmeans_ad,traditional_ml,,,machine_3_4,seed36,metric_summary,available,/root/bachelor-thesis-2026/outputs/benchmark/smd/offline_benchmark/kmeans_ad/machine_3_4/seed36/metrics/offline_metrics.json,kmeans_ad__machine_3_4__seed36__offline_metrics.json,/root/bachelor-thesis-2026/outputs/reporting/offline_phase_tables/offline_metrics_54/kmeans_ad__machine_3_4__seed36__offline_metrics.json,637,4fc02f3e7e4abc83621de0423b257292b8ed0d2fb6b6ce719d9ebe09a8d3b950
offline,offline_metrics,kmeans_ad,traditional_ml,,,machine_3_4,seed6,metric_summary,available,/root/bachelor-thesis-2026/outputs/benchmark/smd/offline_benchmark/kmeans_ad/machine_3_4/seed6/metrics/offline_metrics.json,kmeans_ad__machine_3_4__seed6__offline_metrics.json,/root/bachelor-thesis-2026/outputs/reporting/offline_phase_tables/offline_metrics_54/kmeans_ad__machine_3_4__seed6__offline_metrics.json,566,70852f5b0f464025b3fb343281fc8ee83a893d5f238ef3c09b592bd621a36fa4
offline,offline_metrics,kmeans_ad,traditional_ml,,,machine_3_4,seed8,metric_summary,available,/root/bachelor-thesis-2026/outputs/benchmark/smd/offline_benchmark/kmeans_ad/machine_3_4/seed8/metrics/offline_metrics.json,kmeans_ad__machine_3_4__seed8__offline_metrics.json,/root/bachelor-thesis-2026/outputs/reporting/offline_phase_tables/offline_metrics_54/kmeans_ad__machine_3_4__seed8__offline_metrics.json,619,1399b35e51133a61456d7b847dc99a859db1c1c2849cb8b2ec0d29c3b1500edd
offline,offline_metrics,kmeans_ad,traditional_ml,,,machine_3_9,seed36,metric_summary,available,/root/bachelor-thesis-2026/outputs/benchmark/smd/offline_benchmark/kmeans_ad/machine_3_9/seed36/metrics/offline_metrics.json,kmeans_ad__machine_3_9__seed36__offline_metrics.json,/root/bachelor-thesis-2026/outputs/reporting/offline_phase_tables/offline_metrics_54/kmeans_ad__machine_3_9__seed36__offline_metrics.json,651,a0f25c8e8ee7cb0c96673b1d9a43ede668ed9a47dcc8f90f09eaf9e69335e1b0
offline,offline_metrics,kmeans_ad,traditional_ml,,,machine_3_9,seed6,metric_summary,available,/root/bachelor-thesis-2026/outputs/benchmark/smd/offline_benchmark/kmeans_ad/machine_3_9/seed6/metrics/offline_metrics.json,kmeans_ad__machine_3_9__seed6__offline_metrics.json,/root/bachelor-thesis-2026/outputs/reporting/offline_phase_tables/offline_metrics_54/kmeans_ad__machine_3_9__seed6__offline_metrics.json,651,79b999ebf21ff9aec7997d9888460f3c0d5170dd09e00486217adadaf98d9101
offline,offline_metrics,kmeans_ad,traditional_ml,,,machine_3_9,seed8,metric_summary,available,/root/bachelor-thesis-2026/outputs/benchmark/smd/offline_benchmark/kmeans_ad/machine_3_9/seed8/metrics/offline_metrics.json,kmeans_ad__machine_3_9__seed8__offline_metrics.json,/root/bachelor-thesis-2026/outputs/reporting/offline_phase_tables/offline_metrics_54/kmeans_ad__machine_3_9__seed8__offline_metrics.json,641,b90a1bddfc6d7d72eac7c277c53dc6886b02622c7553db948e127e7db0cfa306
offline,offline_metrics,stumpy_channel_ab,traditional_ml,,,machine_1_6,seed36,metric_summary,available,/root/bachelor-thesis-2026/outputs/benchmark/smd/offline_benchmark/stumpy_channel_ab/machine_1_6/seed36/metrics/offline_metrics.json,stumpy_channel_ab__machine_1_6__seed36__offline_metrics.json,/root/bachelor-thesis-2026/outputs/reporting/offline_phase_tables/offline_metrics_54/stumpy_channel_ab__machine_1_6__seed36__offline_metrics.json,662,ee1534861f32a0ec6b04299621ed30e000f4ed8689de9dc31286e7529b8b08fd
offline,offline_metrics,stumpy_channel_ab,traditional_ml,,,machine_1_6,seed6,metric_summary,available,/root/bachelor-thesis-2026/outputs/benchmark/smd/offline_benchmark/stumpy_channel_ab/machine_1_6/seed6/metrics/offline_metrics.json,stumpy_channel_ab__machine_1_6__seed6__offline_metrics.json,/root/bachelor-thesis-2026/outputs/reporting/offline_phase_tables/offline_metrics_54/stumpy_channel_ab__machine_1_6__seed6__offline_metrics.json,662,ee1534861f32a0ec6b04299621ed30e000f4ed8689de9dc31286e7529b8b08fd
offline,offline_metrics,stumpy_channel_ab,traditional_ml,,,machine_1_6,seed8,metric_summary,available,/root/bachelor-thesis-2026/outputs/benchmark/smd/offline_benchmark/stumpy_channel_ab/machine_1_6/seed8/metrics/offline_metrics.json,stumpy_channel_ab__machine_1_6__seed8__offline_metrics.json,/root/bachelor-thesis-2026/outputs/reporting/offline_phase_tables/offline_metrics_54/stumpy_channel_ab__machine_1_6__seed8__offline_metrics.json,662,ee1534861f32a0ec6b04299621ed30e000f4ed8689de9dc31286e7529b8b08fd
offline,offline_metrics,stumpy_channel_ab,traditional_ml,,,machine_3_4,seed36,metric_summary,available,/root/bachelor-thesis-2026/outputs/benchmark/smd/offline_benchmark/stumpy_channel_ab/machine_3_4/seed36/metrics/offline_metrics.json,stumpy_channel_ab__machine_3_4__seed36__offline_metrics.json,/root/bachelor-thesis-2026/outputs/reporting/offline_phase_tables/offline_metrics_54/stumpy_channel_ab__machine_3_4__seed36__offline_metrics.json,673,126ca78b5438c61c82e27546ef99d7f6783d6e1d0b499d1d37c9ceb00d201b79
offline,offline_metrics,stumpy_channel_ab,traditional_ml,,,machine_3_4,seed6,metric_summary,available,/root/bachelor-thesis-2026/outputs/benchmark/smd/offline_benchmark/stumpy_channel_ab/machine_3_4/seed6/metrics/offline_metrics.json,stumpy_channel_ab__machine_3_4__seed6__offline_metrics.json,/root/bachelor-thesis-2026/outputs/reporting/offline_phase_tables/offline_metrics_54/stumpy_channel_ab__machine_3_4__seed6__offline_metrics.json,673,126ca78b5438c61c82e27546ef99d7f6783d6e1d0b499d1d37c9ceb00d201b79
offline,offline_metrics,stumpy_channel_ab,traditional_ml,,,machine_3_4,seed8,metric_summary,available,/root/bachelor-thesis-2026/outputs/benchmark/smd/offline_benchmark/stumpy_channel_ab/machine_3_4/seed8/metrics/offline_metrics.json,stumpy_channel_ab__machine_3_4__seed8__offline_metrics.json,/root/bachelor-thesis-2026/outputs/reporting/offline_phase_tables/offline_metrics_54/stumpy_channel_ab__machine_3_4__seed8__offline_metrics.json,673,126ca78b5438c61c82e27546ef99d7f6783d6e1d0b499d1d37c9ceb00d201b79
offline,offline_metrics,stumpy_channel_ab,traditional_ml,,,machine_3_9,seed36,metric_summary,available,/root/bachelor-thesis-2026/outputs/benchmark/smd/offline_benchmark/stumpy_channel_ab/machine_3_9/seed36/metrics/offline_metrics.json,stumpy_channel_ab__machine_3_9__seed36__offline_metrics.json,/root/bachelor-thesis-2026/outputs/reporting/offline_phase_tables/offline_metrics_54/stumpy_channel_ab__machine_3_9__seed36__offline_metrics.json,673,8c755328d1d31a596765f8de709665dfbf527fb1fd0c4397608e66ee04d4dcf1
offline,offline_metrics,stumpy_channel_ab,traditional_ml,,,machine_3_9,seed6,metric_summary,available,/root/bachelor-thesis-2026/outputs/benchmark/smd/offline_benchmark/stumpy_channel_ab/machine_3_9/seed6/metrics/offline_metrics.json,stumpy_channel_ab__machine_3_9__seed6__offline_metrics.json,/root/bachelor-thesis-2026/outputs/reporting/offline_phase_tables/offline_metrics_54/stumpy_channel_ab__machine_3_9__seed6__offline_metrics.json,673,8c755328d1d31a596765f8de709665dfbf527fb1fd0c4397608e66ee04d4dcf1
offline,offline_metrics,stumpy_channel_ab,traditional_ml,,,machine_3_9,seed8,metric_summary,available,/root/bachelor-thesis-2026/outputs/benchmark/smd/offline_benchmark/stumpy_channel_ab/machine_3_9/seed8/metrics/offline_metrics.json,stumpy_channel_ab__machine_3_9__seed8__offline_metrics.json,/root/bachelor-thesis-2026/outputs/reporting/offline_phase_tables/offline_metrics_54/stumpy_channel_ab__machine_3_9__seed8__offline_metrics.json,673,8c755328d1d31a596765f8de709665dfbf527fb1fd0c4397608e66ee04d4dcf1
offline,evaluation_metrics,redlamp_baseline,encoder_pretraining,,,machine_1_6,seed36,evaluation,available,/root/bachelor-thesis-2026/outputs/benchmark/smd/redlamp_baseline/machine_1_6/seed36/evaluation_metrics.json,redlamp_baseline__machine_1_6__seed36__evaluation_metrics.json,/root/bachelor-thesis-2026/outputs/reporting/offline_phase_tables/offline_metrics_54/redlamp_baseline__machine_1_6__seed36__evaluation_metrics.json,917,1d43263dfe5550fd5255374e047403df3342a2e26b7cc3234c879dbc566361f7
offline,evaluation_metrics,redlamp_baseline,encoder_pretraining,,,machine_1_6,seed6,evaluation,available,/root/bachelor-thesis-2026/outputs/benchmark/smd/redlamp_baseline/machine_1_6/seed6/evaluation_metrics.json,redlamp_baseline__machine_1_6__seed6__evaluation_metrics.json,/root/bachelor-thesis-2026/outputs/reporting/offline_phase_tables/offline_metrics_54/redlamp_baseline__machine_1_6__seed6__evaluation_metrics.json,919,d858677be65bdb72b3325c694e8ebdf017b9f887c32996b1a58b1a1ab958e991
offline,evaluation_metrics,redlamp_baseline,encoder_pretraining,,,machine_1_6,seed8,evaluation,available,/root/bachelor-thesis-2026/outputs/benchmark/smd/redlamp_baseline/machine_1_6/seed8/evaluation_metrics.json,redlamp_baseline__machine_1_6__seed8__evaluation_metrics.json,/root/bachelor-thesis-2026/outputs/reporting/offline_phase_tables/offline_metrics_54/redlamp_baseline__machine_1_6__seed8__evaluation_metrics.json,917,10640df90e9735dbaf231b9807ecc00c57f113f18e97c84636de0dae707ea391
offline,evaluation_metrics,redlamp_baseline,encoder_pretraining,,,machine_3_4,seed36,evaluation,available,/root/bachelor-thesis-2026/outputs/benchmark/smd/redlamp_baseline/machine_3_4/seed36/evaluation_metrics.json,redlamp_baseline__machine_3_4__seed36__evaluation_metrics.json,/root/bachelor-thesis-2026/outputs/reporting/offline_phase_tables/offline_metrics_54/redlamp_baseline__machine_3_4__seed36__evaluation_metrics.json,910,4e4b897fd51470e0519db70300b4955c3ded030cccc916e070731215f034ea1e
offline,evaluation_metrics,redlamp_baseline,encoder_pretraining,,,machine_3_4,seed6,evaluation,available,/root/bachelor-thesis-2026/outputs/benchmark/smd/redlamp_baseline/machine_3_4/seed6/evaluation_metrics.json,redlamp_baseline__machine_3_4__seed6__evaluation_metrics.json,/root/bachelor-thesis-2026/outputs/reporting/offline_phase_tables/offline_metrics_54/redlamp_baseline__machine_3_4__seed6__evaluation_metrics.json,908,5a1406fd7f457c9bc891695470d2f8d22834b409b21284469a6a80cc89b2f2da
offline,evaluation_metrics,redlamp_baseline,encoder_pretraining,,,machine_3_4,seed8,evaluation,available,/root/bachelor-thesis-2026/outputs/benchmark/smd/redlamp_baseline/machine_3_4/seed8/evaluation_metrics.json,redlamp_baseline__machine_3_4__seed8__evaluation_metrics.json,/root/bachelor-thesis-2026/outputs/reporting/offline_phase_tables/offline_metrics_54/redlamp_baseline__machine_3_4__seed8__evaluation_metrics.json,907,2d79689d9e2184efc6dbe9946d338927f6b61b98fed278483e3646803175c343
offline,evaluation_metrics,redlamp_baseline,encoder_pretraining,,,machine_3_9,seed36,evaluation,available,/root/bachelor-thesis-2026/outputs/benchmark/smd/redlamp_baseline/machine_3_9/seed36/evaluation_metrics.json,redlamp_baseline__machine_3_9__seed36__evaluation_metrics.json,/root/bachelor-thesis-2026/outputs/reporting/offline_phase_tables/offline_metrics_54/redlamp_baseline__machine_3_9__seed36__evaluation_metrics.json,921,2fa0009f8ccbee2befeac1755520a973b2d66e5ac13d8713eed108b5d0223ab2
offline,evaluation_metrics,redlamp_baseline,encoder_pretraining,,,machine_3_9,seed6,evaluation,available,/root/bachelor-thesis-2026/outputs/benchmark/smd/redlamp_baseline/machine_3_9/seed6/evaluation_metrics.json,redlamp_baseline__machine_3_9__seed6__evaluation_metrics.json,/root/bachelor-thesis-2026/outputs/reporting/offline_phase_tables/offline_metrics_54/redlamp_baseline__machine_3_9__seed6__evaluation_metrics.json,919,bf547741d4525b94980ed3e974c09100a84a7478ea62c62329309107fc52f403
offline,evaluation_metrics,redlamp_baseline,encoder_pretraining,,,machine_3_9,seed8,evaluation,available,/root/bachelor-thesis-2026/outputs/benchmark/smd/redlamp_baseline/machine_3_9/seed8/evaluation_metrics.json,redlamp_baseline__machine_3_9__seed8__evaluation_metrics.json,/root/bachelor-thesis-2026/outputs/reporting/offline_phase_tables/offline_metrics_54/redlamp_baseline__machine_3_9__seed8__evaluation_metrics.json,921,aa4af1c310224447bbd9ee8120f91419e74ce45653f18bd6fb28e1ec440a158f
online,online_metrics,thesis,THESIS,O0,A0,machine_1_6,seed36,online_adaptation,available,/root/bachelor-thesis-2026/outputs/benchmark/online/smd/thesis/O0_A0/machine_1_6/seed36/online_metrics.json,thesis__O0_A0__machine_1_6__seed36__online_metrics.json,/root/bachelor-thesis-2026/outputs/reporting/online_phase_tables/online_metrics_99/thesis__O0_A0__machine_1_6__seed36__online_metrics.json,2194283,bf8c0ff20275b715bc7f7f9f3410e78125e706dc7c06b6cb418eb6d703a82e9b
online,online_metrics,thesis,THESIS,O0,A0,machine_1_6,seed6,online_adaptation,available,/root/bachelor-thesis-2026/outputs/benchmark/online/smd/thesis/O0_A0/machine_1_6/seed6/online_metrics.json,thesis__O0_A0__machine_1_6__seed6__online_metrics.json,/root/bachelor-thesis-2026/outputs/reporting/online_phase_tables/online_metrics_99/thesis__O0_A0__machine_1_6__seed6__online_metrics.json,2194439,8525735f8b8ee19293b8fef4ab5cd5908f649593f608b1821d7623e20bc93b87
online,online_metrics,thesis,THESIS,O0,A0,machine_1_6,seed8,online_adaptation,available,/root/bachelor-thesis-2026/outputs/benchmark/online/smd/thesis/O0_A0/machine_1_6/seed8/online_metrics.json,thesis__O0_A0__machine_1_6__seed8__online_metrics.json,/root/bachelor-thesis-2026/outputs/reporting/online_phase_tables/online_metrics_99/thesis__O0_A0__machine_1_6__seed8__online_metrics.json,2194183,efcf406140edd9ff31a796d8627094bbf6a42d20e3ba94598560eec56ae9e7d6
online,online_metrics,thesis,THESIS,O0,A0,machine_3_4,seed36,online_adaptation,available,/root/bachelor-thesis-2026/outputs/benchmark/online/smd/thesis/O0_A0/machine_3_4/seed36/online_metrics.json,thesis__O0_A0__machine_3_4__seed36__online_metrics.json,/root/bachelor-thesis-2026/outputs/reporting/online_phase_tables/online_metrics_99/thesis__O0_A0__machine_3_4__seed36__online_metrics.json,3713986,f1968c7bbe807a947d6198f5b31181286b476a8df5df17e771aea85f1fc3514f
online,online_metrics,thesis,THESIS,O0,A0,machine_3_4,seed6,online_adaptation,available,/root/bachelor-thesis-2026/outputs/benchmark/online/smd/thesis/O0_A0/machine_3_4/seed6/online_metrics.json,thesis__O0_A0__machine_3_4__seed6__online_metrics.json,/root/bachelor-thesis-2026/outputs/reporting/online_phase_tables/online_metrics_99/thesis__O0_A0__machine_3_4__seed6__online_metrics.json,3710668,87a3383595678cb26b33d04088fb18e468741adecad0e2b33e471a2970a1d837
online,online_metrics,thesis,THESIS,O0,A0,machine_3_4,seed8,online_adaptation,available,/root/bachelor-thesis-2026/outputs/benchmark/online/smd/thesis/O0_A0/machine_3_4/seed8/online_metrics.json,thesis__O0_A0__machine_3_4__seed8__online_metrics.json,/root/bachelor-thesis-2026/outputs/reporting/online_phase_tables/online_metrics_99/thesis__O0_A0__machine_3_4__seed8__online_metrics.json,3711289,506cf6ff76efb718e67063c6c0d78d8af075b273d49d1f9b2d5c768fd4aa0cd4
online,online_metrics,thesis,THESIS,O0,A0,machine_3_9,seed36,online_adaptation,available,/root/bachelor-thesis-2026/outputs/benchmark/online/smd/thesis/O0_A0/machine_3_9/seed36/online_metrics.json,thesis__O0_A0__machine_3_9__seed36__online_metrics.json,/root/bachelor-thesis-2026/outputs/reporting/online_phase_tables/online_metrics_99/thesis__O0_A0__machine_3_9__seed36__online_metrics.json,10444517,ba9717dda0a0fbf160bc83b0afbdb36932e8042051aea4a0331f421d4ffdeb9e
online,online_metrics,thesis,THESIS,O0,A0,machine_3_9,seed6,online_adaptation,available,/root/bachelor-thesis-2026/outputs/benchmark/online/smd/thesis/O0_A0/machine_3_9/seed6/online_metrics.json,thesis__O0_A0__machine_3_9__seed6__online_metrics.json,/root/bachelor-thesis-2026/outputs/reporting/online_phase_tables/online_metrics_99/thesis__O0_A0__machine_3_9__seed6__online_metrics.json,10447578,5c7980b00e8b09fae0a03be236c1e6d7e2c69f8535ef04906a354ae0074dcf63
online,online_metrics,thesis,THESIS,O0,A0,machine_3_9,seed8,online_adaptation,available,/root/bachelor-thesis-2026/outputs/benchmark/online/smd/thesis/O0_A0/machine_3_9/seed8/online_metrics.json,thesis__O0_A0__machine_3_9__seed8__online_metrics.json,/root/bachelor-thesis-2026/outputs/reporting/online_phase_tables/online_metrics_99/thesis__O0_A0__machine_3_9__seed8__online_metrics.json,10455439,414aa3e1f12ff83882ecec0d219e3b007dea82ef38c3948b12f7696cd05f70b7
online,online_metrics,thesis,THESIS,O0,A1,machine_1_6,seed36,online_adaptation,available,/root/bachelor-thesis-2026/outputs/benchmark/online/smd/thesis/O0_A1/machine_1_6/seed36/online_metrics.json,thesis__O0_A1__machine_1_6__seed36__online_metrics.json,/root/bachelor-thesis-2026/outputs/reporting/online_phase_tables/online_metrics_99/thesis__O0_A1__machine_1_6__seed36__online_metrics.json,2202604,79ab29dc09f863358eda134ee7a80ca5ed57e304120bc24c6e2f9ad68f808595
online,online_metrics,thesis,THESIS,O0,A1,machine_1_6,seed6,online_adaptation,available,/root/bachelor-thesis-2026/outputs/benchmark/online/smd/thesis/O0_A1/machine_1_6/seed6/online_metrics.json,thesis__O0_A1__machine_1_6__seed6__online_metrics.json,/root/bachelor-thesis-2026/outputs/reporting/online_phase_tables/online_metrics_99/thesis__O0_A1__machine_1_6__seed6__online_metrics.json,2202940,3f14cae91b5cf587220ecaa011c1dd42fea08382543e154412e43f29a797e3ea
online,online_metrics,thesis,THESIS,O0,A1,machine_1_6,seed8,online_adaptation,available,/root/bachelor-thesis-2026/outputs/benchmark/online/smd/thesis/O0_A1/machine_1_6/seed8/online_metrics.json,thesis__O0_A1__machine_1_6__seed8__online_metrics.json,/root/bachelor-thesis-2026/outputs/reporting/online_phase_tables/online_metrics_99/thesis__O0_A1__machine_1_6__seed8__online_metrics.json,2202598,372f432d50904118fb1498e5017e7a3b978302466d962655d15330e064bc7ff0
online,online_metrics,thesis,THESIS,O0,A1,machine_3_4,seed36,online_adaptation,available,/root/bachelor-thesis-2026/outputs/benchmark/online/smd/thesis/O0_A1/machine_3_4/seed36/online_metrics.json,thesis__O0_A1__machine_3_4__seed36__online_metrics.json,/root/bachelor-thesis-2026/outputs/reporting/online_phase_tables/online_metrics_99/thesis__O0_A1__machine_3_4__seed36__online_metrics.json,3765850,3b33a119a8c8d3a9b550518b3b7f0db3bf89b69838a096c4120e24f14e07cb1e
online,online_metrics,thesis,THESIS,O0,A1,machine_3_4,seed6,online_adaptation,available,/root/bachelor-thesis-2026/outputs/benchmark/online/smd/thesis/O0_A1/machine_3_4/seed6/online_metrics.json,thesis__O0_A1__machine_3_4__seed6__online_metrics.json,/root/bachelor-thesis-2026/outputs/reporting/online_phase_tables/online_metrics_99/thesis__O0_A1__machine_3_4__seed6__online_metrics.json,3746516,15be92848715777224ae1ba2e8061996beb64ce3888dd5eb59be8a77b94f2334
online,online_metrics,thesis,THESIS,O0,A1,machine_3_4,seed8,online_adaptation,available,/root/bachelor-thesis-2026/outputs/benchmark/online/smd/thesis/O0_A1/machine_3_4/seed8/online_metrics.json,thesis__O0_A1__machine_3_4__seed8__online_metrics.json,/root/bachelor-thesis-2026/outputs/reporting/online_phase_tables/online_metrics_99/thesis__O0_A1__machine_3_4__seed8__online_metrics.json,3765030,c24f2bd1b94d49156441c8647936395bf74b738ec21c9d31415099a82ff327d6
online,online_metrics,thesis,THESIS,O0,A1,machine_3_9,seed36,online_adaptation,available,/root/bachelor-thesis-2026/outputs/benchmark/online/smd/thesis/O0_A1/machine_3_9/seed36/online_metrics.json,thesis__O0_A1__machine_3_9__seed36__online_metrics.json,/root/bachelor-thesis-2026/outputs/reporting/online_phase_tables/online_metrics_99/thesis__O0_A1__machine_3_9__seed36__online_metrics.json,10491791,047b589177e9abcae1bb142d767d10a3931547d33c28a93d130d56b5cea02d8f
online,online_metrics,thesis,THESIS,O0,A1,machine_3_9,seed6,online_adaptation,available,/root/bachelor-thesis-2026/outputs/benchmark/online/smd/thesis/O0_A1/machine_3_9/seed6/online_metrics.json,thesis__O0_A1__machine_3_9__seed6__online_metrics.json,/root/bachelor-thesis-2026/outputs/reporting/online_phase_tables/online_metrics_99/thesis__O0_A1__machine_3_9__seed6__online_metrics.json,10493184,7a474c782296e6db4bf16bf5ceda150aa1f5f3f69927634c40d8ec11f1355c99
online,online_metrics,thesis,THESIS,O0,A1,machine_3_9,seed8,online_adaptation,available,/root/bachelor-thesis-2026/outputs/benchmark/online/smd/thesis/O0_A1/machine_3_9/seed8/online_metrics.json,thesis__O0_A1__machine_3_9__seed8__online_metrics.json,/root/bachelor-thesis-2026/outputs/reporting/online_phase_tables/online_metrics_99/thesis__O0_A1__machine_3_9__seed8__online_metrics.json,10505383,5dd8dcd70df3cdf6357dc026d94d8fae92ff24ba02e162d01fcb8608b6377f57
online,online_metrics,thesis,THESIS,O0,A2,machine_1_6,seed36,online_adaptation,available,/root/bachelor-thesis-2026/outputs/benchmark/online/smd/thesis/O0_A2/machine_1_6/seed36/online_metrics.json,thesis__O0_A2__machine_1_6__seed36__online_metrics.json,/root/bachelor-thesis-2026/outputs/reporting/online_phase_tables/online_metrics_99/thesis__O0_A2__machine_1_6__seed36__online_metrics.json,2202780,425deac7a48a53c661ac1debab0165dfbdd43f4946247291c4bb15d7b0d59383
online,online_metrics,thesis,THESIS,O0,A2,machine_1_6,seed6,online_adaptation,available,/root/bachelor-thesis-2026/outputs/benchmark/online/smd/thesis/O0_A2/machine_1_6/seed6/online_metrics.json,thesis__O0_A2__machine_1_6__seed6__online_metrics.json,/root/bachelor-thesis-2026/outputs/reporting/online_phase_tables/online_metrics_99/thesis__O0_A2__machine_1_6__seed6__online_metrics.json,2203022,aa08c4ede9a26a48017a1f23a704f32245fb3518f3e90ad2d8d3971c0d6cac97
online,online_metrics,thesis,THESIS,O0,A2,machine_1_6,seed8,online_adaptation,available,/root/bachelor-thesis-2026/outputs/benchmark/online/smd/thesis/O0_A2/machine_1_6/seed8/online_metrics.json,thesis__O0_A2__machine_1_6__seed8__online_metrics.json,/root/bachelor-thesis-2026/outputs/reporting/online_phase_tables/online_metrics_99/thesis__O0_A2__machine_1_6__seed8__online_metrics.json,2202645,5f33682fde48cf6fa900aaef1c995e6517d3707f460b964aeba1958f53cbf0ec
online,online_metrics,thesis,THESIS,O0,A2,machine_3_4,seed36,online_adaptation,available,/root/bachelor-thesis-2026/outputs/benchmark/online/smd/thesis/O0_A2/machine_3_4/seed36/online_metrics.json,thesis__O0_A2__machine_3_4__seed36__online_metrics.json,/root/bachelor-thesis-2026/outputs/reporting/online_phase_tables/online_metrics_99/thesis__O0_A2__machine_3_4__seed36__online_metrics.json,3752393,dd5adc1092fd0dc80b054df6efe78603d10a2a5cbbf24520cce276621c607919
online,online_metrics,thesis,THESIS,O0,A2,machine_3_4,seed6,online_adaptation,available,/root/bachelor-thesis-2026/outputs/benchmark/online/smd/thesis/O0_A2/machine_3_4/seed6/online_metrics.json,thesis__O0_A2__machine_3_4__seed6__online_metrics.json,/root/bachelor-thesis-2026/outputs/reporting/online_phase_tables/online_metrics_99/thesis__O0_A2__machine_3_4__seed6__online_metrics.json,3747280,39299c220e2872d0866ab91ec17fceadd9a80f3aaa8802f2e250cba949913e07
online,online_metrics,thesis,THESIS,O0,A2,machine_3_4,seed8,online_adaptation,available,/root/bachelor-thesis-2026/outputs/benchmark/online/smd/thesis/O0_A2/machine_3_4/seed8/online_metrics.json,thesis__O0_A2__machine_3_4__seed8__online_metrics.json,/root/bachelor-thesis-2026/outputs/reporting/online_phase_tables/online_metrics_99/thesis__O0_A2__machine_3_4__seed8__online_metrics.json,3770754,1aeb52185c7c8987de6bbd30f1a33ee72b6b96018d1cad11ad7edef3863291d5
online,online_metrics,thesis,THESIS,O0,A2,machine_3_9,seed36,online_adaptation,available,/root/bachelor-thesis-2026/outputs/benchmark/online/smd/thesis/O0_A2/machine_3_9/seed36/online_metrics.json,thesis__O0_A2__machine_3_9__seed36__online_metrics.json,/root/bachelor-thesis-2026/outputs/reporting/online_phase_tables/online_metrics_99/thesis__O0_A2__machine_3_9__seed36__online_metrics.json,10493125,ca0edc7481697e1463358c3573af57e7d5a4f363c3fa029e57ac6d60a2797821
online,online_metrics,thesis,THESIS,O0,A2,machine_3_9,seed6,online_adaptation,available,/root/bachelor-thesis-2026/outputs/benchmark/online/smd/thesis/O0_A2/machine_3_9/seed6/online_metrics.json,thesis__O0_A2__machine_3_9__seed6__online_metrics.json,/root/bachelor-thesis-2026/outputs/reporting/online_phase_tables/online_metrics_99/thesis__O0_A2__machine_3_9__seed6__online_metrics.json,10494804,97f48c8e0d3ed73851eecb535a5dbfa12dde338573a505d86d1ff80cdc1b2d48
online,online_metrics,thesis,THESIS,O0,A2,machine_3_9,seed8,online_adaptation,available,/root/bachelor-thesis-2026/outputs/benchmark/online/smd/thesis/O0_A2/machine_3_9/seed8/online_metrics.json,thesis__O0_A2__machine_3_9__seed8__online_metrics.json,/root/bachelor-thesis-2026/outputs/reporting/online_phase_tables/online_metrics_99/thesis__O0_A2__machine_3_9__seed8__online_metrics.json,10508213,f87919205d1f1d72a5279eb3ce9ebaa0733c810fcc56b4ab4a48c7da343757b8
online,online_metrics,thesis,THESIS,O1,A0,machine_1_6,seed36,online_adaptation,available,/root/bachelor-thesis-2026/outputs/benchmark/online/smd/thesis/O1_A0/machine_1_6/seed36/online_metrics.json,thesis__O1_A0__machine_1_6__seed36__online_metrics.json,/root/bachelor-thesis-2026/outputs/reporting/online_phase_tables/online_metrics_99/thesis__O1_A0__machine_1_6__seed36__online_metrics.json,2192261,e6e5e466dfd61a07d58c9bbca2dbf0fcf231333aad51389cf809fa8c03d4c469
online,online_metrics,thesis,THESIS,O1,A0,machine_1_6,seed6,online_adaptation,available,/root/bachelor-thesis-2026/outputs/benchmark/online/smd/thesis/O1_A0/machine_1_6/seed6/online_metrics.json,thesis__O1_A0__machine_1_6__seed6__online_metrics.json,/root/bachelor-thesis-2026/outputs/reporting/online_phase_tables/online_metrics_99/thesis__O1_A0__machine_1_6__seed6__online_metrics.json,2194490,7af615962f0c42052cfa07aa95e229610854b300c09caacedfb47f64a8ef4738
online,online_metrics,thesis,THESIS,O1,A0,machine_1_6,seed8,online_adaptation,available,/root/bachelor-thesis-2026/outputs/benchmark/online/smd/thesis/O1_A0/machine_1_6/seed8/online_metrics.json,thesis__O1_A0__machine_1_6__seed8__online_metrics.json,/root/bachelor-thesis-2026/outputs/reporting/online_phase_tables/online_metrics_99/thesis__O1_A0__machine_1_6__seed8__online_metrics.json,2194284,40363e9b78818517a1996bd1c191c09a11c740ead7a7bd692b17735a9b1b22c6
online,online_metrics,thesis,THESIS,O1,A0,machine_3_4,seed36,online_adaptation,available,/root/bachelor-thesis-2026/outputs/benchmark/online/smd/thesis/O1_A0/machine_3_4/seed36/online_metrics.json,thesis__O1_A0__machine_3_4__seed36__online_metrics.json,/root/bachelor-thesis-2026/outputs/reporting/online_phase_tables/online_metrics_99/thesis__O1_A0__machine_3_4__seed36__online_metrics.json,3711206,61435a774d84b608dd28b47699a9223f908c6e19148c8379cbfa83a5b2ed94c3
online,online_metrics,thesis,THESIS,O1,A0,machine_3_4,seed6,online_adaptation,available,/root/bachelor-thesis-2026/outputs/benchmark/online/smd/thesis/O1_A0/machine_3_4/seed6/online_metrics.json,thesis__O1_A0__machine_3_4__seed6__online_metrics.json,/root/bachelor-thesis-2026/outputs/reporting/online_phase_tables/online_metrics_99/thesis__O1_A0__machine_3_4__seed6__online_metrics.json,3710423,444553854cefa77a75d4c279640b49603da16001ce534cc469a9b60fcd70179e
online,online_metrics,thesis,THESIS,O1,A0,machine_3_4,seed8,online_adaptation,available,/root/bachelor-thesis-2026/outputs/benchmark/online/smd/thesis/O1_A0/machine_3_4/seed8/online_metrics.json,thesis__O1_A0__machine_3_4__seed8__online_metrics.json,/root/bachelor-thesis-2026/outputs/reporting/online_phase_tables/online_metrics_99/thesis__O1_A0__machine_3_4__seed8__online_metrics.json,3713723,f0b7eeb6602cf080faeea8349318c5637ccb78ec190c7e22ec186b7c456ff461
online,online_metrics,thesis,THESIS,O1,A0,machine_3_9,seed36,online_adaptation,available,/root/bachelor-thesis-2026/outputs/benchmark/online/smd/thesis/O1_A0/machine_3_9/seed36/online_metrics.json,thesis__O1_A0__machine_3_9__seed36__online_metrics.json,/root/bachelor-thesis-2026/outputs/reporting/online_phase_tables/online_metrics_99/thesis__O1_A0__machine_3_9__seed36__online_metrics.json,10453876,614aa1eaf3ea453406646635231bb019c45c03d77d04e89262dfe8f69eff77b8
online,online_metrics,thesis,THESIS,O1,A0,machine_3_9,seed6,online_adaptation,available,/root/bachelor-thesis-2026/outputs/benchmark/online/smd/thesis/O1_A0/machine_3_9/seed6/online_metrics.json,thesis__O1_A0__machine_3_9__seed6__online_metrics.json,/root/bachelor-thesis-2026/outputs/reporting/online_phase_tables/online_metrics_99/thesis__O1_A0__machine_3_9__seed6__online_metrics.json,10459386,99a2277a6d2100ded51c8aaccd6898f09fbf79a4e500963ae573d580c036564b
online,online_metrics,thesis,THESIS,O1,A0,machine_3_9,seed8,online_adaptation,available,/root/bachelor-thesis-2026/outputs/benchmark/online/smd/thesis/O1_A0/machine_3_9/seed8/online_metrics.json,thesis__O1_A0__machine_3_9__seed8__online_metrics.json,/root/bachelor-thesis-2026/outputs/reporting/online_phase_tables/online_metrics_99/thesis__O1_A0__machine_3_9__seed8__online_metrics.json,10455004,6606bc76393b4e8901b310c550a6add317fd99b6d03d69d2d50e811c934e7ba7
online,online_metrics,thesis,THESIS,O1,A1,machine_1_6,seed36,online_adaptation,available,/root/bachelor-thesis-2026/outputs/benchmark/online/smd/thesis/O1_A1/machine_1_6/seed36/online_metrics.json,thesis__O1_A1__machine_1_6__seed36__online_metrics.json,/root/bachelor-thesis-2026/outputs/reporting/online_phase_tables/online_metrics_99/thesis__O1_A1__machine_1_6__seed36__online_metrics.json,2200737,1dc7890e777757dadc57223cc4351bd8bf2587de3260a699eb37c583ff440a2f
online,online_metrics,thesis,THESIS,O1,A1,machine_1_6,seed6,online_adaptation,available,/root/bachelor-thesis-2026/outputs/benchmark/online/smd/thesis/O1_A1/machine_1_6/seed6/online_metrics.json,thesis__O1_A1__machine_1_6__seed6__online_metrics.json,/root/bachelor-thesis-2026/outputs/reporting/online_phase_tables/online_metrics_99/thesis__O1_A1__machine_1_6__seed6__online_metrics.json,2203091,cc387dd7e3a4564459b1394d8ba37303a91ae13fa7be12afe42ef4fdcde0f78f
online,online_metrics,thesis,THESIS,O1,A1,machine_1_6,seed8,online_adaptation,available,/root/bachelor-thesis-2026/outputs/benchmark/online/smd/thesis/O1_A1/machine_1_6/seed8/online_metrics.json,thesis__O1_A1__machine_1_6__seed8__online_metrics.json,/root/bachelor-thesis-2026/outputs/reporting/online_phase_tables/online_metrics_99/thesis__O1_A1__machine_1_6__seed8__online_metrics.json,2202662,7dd9460573f1cb3ad303e5100baa5852b2c92c41af431a1c2568647201368af2
online,online_metrics,thesis,THESIS,O1,A1,machine_3_4,seed36,online_adaptation,available,/root/bachelor-thesis-2026/outputs/benchmark/online/smd/thesis/O1_A1/machine_3_4/seed36/online_metrics.json,thesis__O1_A1__machine_3_4__seed36__online_metrics.json,/root/bachelor-thesis-2026/outputs/reporting/online_phase_tables/online_metrics_99/thesis__O1_A1__machine_3_4__seed36__online_metrics.json,3763797,77d2525ab9f8318d6e33cffb5f462fa6972e59b5834e2d01180aa3eba98c41d1
online,online_metrics,thesis,THESIS,O1,A1,machine_3_4,seed6,online_adaptation,available,/root/bachelor-thesis-2026/outputs/benchmark/online/smd/thesis/O1_A1/machine_3_4/seed6/online_metrics.json,thesis__O1_A1__machine_3_4__seed6__online_metrics.json,/root/bachelor-thesis-2026/outputs/reporting/online_phase_tables/online_metrics_99/thesis__O1_A1__machine_3_4__seed6__online_metrics.json,3742425,4aecef9b5c7fb523236de9141de22a177927a2b156d4d9b8f110b2705e1a6b17
online,online_metrics,thesis,THESIS,O1,A1,machine_3_4,seed8,online_adaptation,available,/root/bachelor-thesis-2026/outputs/benchmark/online/smd/thesis/O1_A1/machine_3_4/seed8/online_metrics.json,thesis__O1_A1__machine_3_4__seed8__online_metrics.json,/root/bachelor-thesis-2026/outputs/reporting/online_phase_tables/online_metrics_99/thesis__O1_A1__machine_3_4__seed8__online_metrics.json,3744999,bbe4450b2ccaeeb01b28f1efc3e76483ede54ea744ad910cd7fbc8aea13f17b6
online,online_metrics,thesis,THESIS,O1,A1,machine_3_9,seed36,online_adaptation,available,/root/bachelor-thesis-2026/outputs/benchmark/online/smd/thesis/O1_A1/machine_3_9/seed36/online_metrics.json,thesis__O1_A1__machine_3_9__seed36__online_metrics.json,/root/bachelor-thesis-2026/outputs/reporting/online_phase_tables/online_metrics_99/thesis__O1_A1__machine_3_9__seed36__online_metrics.json,10503060,de09455cc8e892f82ff600f890063aeafb9cfb78941ae44e711e9a52275fa1b4
online,online_metrics,thesis,THESIS,O1,A1,machine_3_9,seed6,online_adaptation,available,/root/bachelor-thesis-2026/outputs/benchmark/online/smd/thesis/O1_A1/machine_3_9/seed6/online_metrics.json,thesis__O1_A1__machine_3_9__seed6__online_metrics.json,/root/bachelor-thesis-2026/outputs/reporting/online_phase_tables/online_metrics_99/thesis__O1_A1__machine_3_9__seed6__online_metrics.json,10503681,db597af6f4d723d621ed58d75c1fe92bf45d30b1a52c5bcf12303197c523d8f3
online,online_metrics,thesis,THESIS,O1,A1,machine_3_9,seed8,online_adaptation,available,/root/bachelor-thesis-2026/outputs/benchmark/online/smd/thesis/O1_A1/machine_3_9/seed8/online_metrics.json,thesis__O1_A1__machine_3_9__seed8__online_metrics.json,/root/bachelor-thesis-2026/outputs/reporting/online_phase_tables/online_metrics_99/thesis__O1_A1__machine_3_9__seed8__online_metrics.json,10505732,d96f5e7e84f26b37e916428302fca41c76a26f9ce35898ec6c90ede12e4e44f8
online,online_metrics,thesis,THESIS,O1,A2,machine_1_6,seed36,online_adaptation,available,/root/bachelor-thesis-2026/outputs/benchmark/online/smd/thesis/O1_A2/machine_1_6/seed36/online_metrics.json,thesis__O1_A2__machine_1_6__seed36__online_metrics.json,/root/bachelor-thesis-2026/outputs/reporting/online_phase_tables/online_metrics_99/thesis__O1_A2__machine_1_6__seed36__online_metrics.json,2200947,094c7196a127f5274f8d43c969fb0d33d3fbdd8357f87fabe8a9571c3eafacba
online,online_metrics,thesis,THESIS,O1,A2,machine_1_6,seed6,online_adaptation,available,/root/bachelor-thesis-2026/outputs/benchmark/online/smd/thesis/O1_A2/machine_1_6/seed6/online_metrics.json,thesis__O1_A2__machine_1_6__seed6__online_metrics.json,/root/bachelor-thesis-2026/outputs/reporting/online_phase_tables/online_metrics_99/thesis__O1_A2__machine_1_6__seed6__online_metrics.json,2203229,510a7590c8db657de497d25667f1275209feca3c6628454acf0a960eb6ac3281
online,online_metrics,thesis,THESIS,O1,A2,machine_1_6,seed8,online_adaptation,available,/root/bachelor-thesis-2026/outputs/benchmark/online/smd/thesis/O1_A2/machine_1_6/seed8/online_metrics.json,thesis__O1_A2__machine_1_6__seed8__online_metrics.json,/root/bachelor-thesis-2026/outputs/reporting/online_phase_tables/online_metrics_99/thesis__O1_A2__machine_1_6__seed8__online_metrics.json,2202837,03f604c0bde3d4afcba4e3eb98754577f6a81a6c29f89c9ee22139820bf6c3f6
online,online_metrics,thesis,THESIS,O1,A2,machine_3_4,seed36,online_adaptation,available,/root/bachelor-thesis-2026/outputs/benchmark/online/smd/thesis/O1_A2/machine_3_4/seed36/online_metrics.json,thesis__O1_A2__machine_3_4__seed36__online_metrics.json,/root/bachelor-thesis-2026/outputs/reporting/online_phase_tables/online_metrics_99/thesis__O1_A2__machine_3_4__seed36__online_metrics.json,3755387,0a22a33d4fd03233ffb7a74e49b5899d0c9c52d27acef6de1a41dc0dcc274df7
online,online_metrics,thesis,THESIS,O1,A2,machine_3_4,seed6,online_adaptation,available,/root/bachelor-thesis-2026/outputs/benchmark/online/smd/thesis/O1_A2/machine_3_4/seed6/online_metrics.json,thesis__O1_A2__machine_3_4__seed6__online_metrics.json,/root/bachelor-thesis-2026/outputs/reporting/online_phase_tables/online_metrics_99/thesis__O1_A2__machine_3_4__seed6__online_metrics.json,3743699,4459272486548f834170f87b31ef638ed45ee561ed39a9191d67a5b855b7d862
online,online_metrics,thesis,THESIS,O1,A2,machine_3_4,seed8,online_adaptation,available,/root/bachelor-thesis-2026/outputs/benchmark/online/smd/thesis/O1_A2/machine_3_4/seed8/online_metrics.json,thesis__O1_A2__machine_3_4__seed8__online_metrics.json,/root/bachelor-thesis-2026/outputs/reporting/online_phase_tables/online_metrics_99/thesis__O1_A2__machine_3_4__seed8__online_metrics.json,3745280,07045dd332480cd8b69792faf72adc3dcf39434b972ed59c9b113bb5532821da
online,online_metrics,thesis,THESIS,O1,A2,machine_3_9,seed36,online_adaptation,available,/root/bachelor-thesis-2026/outputs/benchmark/online/smd/thesis/O1_A2/machine_3_9/seed36/online_metrics.json,thesis__O1_A2__machine_3_9__seed36__online_metrics.json,/root/bachelor-thesis-2026/outputs/reporting/online_phase_tables/online_metrics_99/thesis__O1_A2__machine_3_9__seed36__online_metrics.json,10503943,0b7e5920bec75471eee35885c8a05548ec0af75e9014c51c7fe127c08cebc55b
online,online_metrics,thesis,THESIS,O1,A2,machine_3_9,seed6,online_adaptation,available,/root/bachelor-thesis-2026/outputs/benchmark/online/smd/thesis/O1_A2/machine_3_9/seed6/online_metrics.json,thesis__O1_A2__machine_3_9__seed6__online_metrics.json,/root/bachelor-thesis-2026/outputs/reporting/online_phase_tables/online_metrics_99/thesis__O1_A2__machine_3_9__seed6__online_metrics.json,10505027,3bed242c945930a64926b0e585c1c245e839cfb6daeb084638032ea93fd8ea14
online,online_metrics,thesis,THESIS,O1,A2,machine_3_9,seed8,online_adaptation,available,/root/bachelor-thesis-2026/outputs/benchmark/online/smd/thesis/O1_A2/machine_3_9/seed8/online_metrics.json,thesis__O1_A2__machine_3_9__seed8__online_metrics.json,/root/bachelor-thesis-2026/outputs/reporting/online_phase_tables/online_metrics_99/thesis__O1_A2__machine_3_9__seed8__online_metrics.json,10506417,f5d48d3af811f36003e94edf27ae33d11a99c5b2ee0cfb7e563cf27da989e7c7
online,online_metrics,candi,deep_learning,,main,machine_1_6,seed36,online_adaptation,available,/root/bachelor-thesis-2026/outputs/benchmark/online_streaming/smd/candi/main/machine_1_6/seed36/online_metrics.json,baseline__candi__main__machine_1_6__seed36__online_metrics.json,/root/bachelor-thesis-2026/outputs/reporting/online_phase_tables/online_metrics_99/baseline__candi__main__machine_1_6__seed36__online_metrics.json,735108,58bfc02234ae8bf4c90129a267c68c16b1f33a7bd64e37eba06d6b322010cdb0
online,online_metrics,candi,deep_learning,,main,machine_1_6,seed6,online_adaptation,available,/root/bachelor-thesis-2026/outputs/benchmark/online_streaming/smd/candi/main/machine_1_6/seed6/online_metrics.json,baseline__candi__main__machine_1_6__seed6__online_metrics.json,/root/bachelor-thesis-2026/outputs/reporting/online_phase_tables/online_metrics_99/baseline__candi__main__machine_1_6__seed6__online_metrics.json,734771,33d4f846a840d5f711c3c7e99fc8a0662e05f00d946899c51f7bbab4364e8293
online,online_metrics,candi,deep_learning,,main,machine_1_6,seed8,online_adaptation,available,/root/bachelor-thesis-2026/outputs/benchmark/online_streaming/smd/candi/main/machine_1_6/seed8/online_metrics.json,baseline__candi__main__machine_1_6__seed8__online_metrics.json,/root/bachelor-thesis-2026/outputs/reporting/online_phase_tables/online_metrics_99/baseline__candi__main__machine_1_6__seed8__online_metrics.json,736939,bb9db00c94c1e45811b601d564ebcfcf2e0a2c2c5da007965a5155c8fd4fc153
online,online_metrics,candi,deep_learning,,main,machine_3_4,seed36,online_adaptation,available,/root/bachelor-thesis-2026/outputs/benchmark/online_streaming/smd/candi/main/machine_3_4/seed36/online_metrics.json,baseline__candi__main__machine_3_4__seed36__online_metrics.json,/root/bachelor-thesis-2026/outputs/reporting/online_phase_tables/online_metrics_99/baseline__candi__main__machine_3_4__seed36__online_metrics.json,1224841,08490ab1562f79d36397a080778925f6cf11a0f01ba05ccc564beb487bae4ad4
online,online_metrics,candi,deep_learning,,main,machine_3_4,seed6,online_adaptation,available,/root/bachelor-thesis-2026/outputs/benchmark/online_streaming/smd/candi/main/machine_3_4/seed6/online_metrics.json,baseline__candi__main__machine_3_4__seed6__online_metrics.json,/root/bachelor-thesis-2026/outputs/reporting/online_phase_tables/online_metrics_99/baseline__candi__main__machine_3_4__seed6__online_metrics.json,1224612,cf98621973b7fc9057917ed653e2f19e9c916a5723c8660c8b6bc9710a391f01
online,online_metrics,candi,deep_learning,,main,machine_3_4,seed8,online_adaptation,available,/root/bachelor-thesis-2026/outputs/benchmark/online_streaming/smd/candi/main/machine_3_4/seed8/online_metrics.json,baseline__candi__main__machine_3_4__seed8__online_metrics.json,/root/bachelor-thesis-2026/outputs/reporting/online_phase_tables/online_metrics_99/baseline__candi__main__machine_3_4__seed8__online_metrics.json,1228777,3d26b1976e0362ca39999d95bb13cb33be4c3328ff9cf60dcfd350612987f792
online,online_metrics,candi,deep_learning,,main,machine_3_9,seed36,online_adaptation,available,/root/bachelor-thesis-2026/outputs/benchmark/online_streaming/smd/candi/main/machine_3_9/seed36/online_metrics.json,baseline__candi__main__machine_3_9__seed36__online_metrics.json,/root/bachelor-thesis-2026/outputs/reporting/online_phase_tables/online_metrics_99/baseline__candi__main__machine_3_9__seed36__online_metrics.json,3467301,90bea552dddaa69f768671dfbf35fb0cefe357e878ad991cef329f3b5334c3e7
online,online_metrics,candi,deep_learning,,main,machine_3_9,seed6,online_adaptation,available,/root/bachelor-thesis-2026/outputs/benchmark/online_streaming/smd/candi/main/machine_3_9/seed6/online_metrics.json,baseline__candi__main__machine_3_9__seed6__online_metrics.json,/root/bachelor-thesis-2026/outputs/reporting/online_phase_tables/online_metrics_99/baseline__candi__main__machine_3_9__seed6__online_metrics.json,3465733,6fb8bf38455b860e94e1a1eaec72fda5a421d34b1726c37af44674beeb810809
online,online_metrics,candi,deep_learning,,main,machine_3_9,seed8,online_adaptation,available,/root/bachelor-thesis-2026/outputs/benchmark/online_streaming/smd/candi/main/machine_3_9/seed8/online_metrics.json,baseline__candi__main__machine_3_9__seed8__online_metrics.json,/root/bachelor-thesis-2026/outputs/reporting/online_phase_tables/online_metrics_99/baseline__candi__main__machine_3_9__seed8__online_metrics.json,3461048,3fb2769d2e07d9acc924cdf0f5be572f4ca9cabac3d438152e2923a7920dfa07
online,online_metrics,m2n2,deep_learning,,main,machine_1_6,seed36,online_adaptation,available,/root/bachelor-thesis-2026/outputs/benchmark/online_streaming/smd/m2n2/main/machine_1_6/seed36/online_metrics.json,baseline__m2n2__main__machine_1_6__seed36__online_metrics.json,/root/bachelor-thesis-2026/outputs/reporting/online_phase_tables/online_metrics_99/baseline__m2n2__main__machine_1_6__seed36__online_metrics.json,733137,a404b6494eecf77726d1dcc7a61d8c5b1ba9a15af82209d7fdd3cc58dc20e38e
online,online_metrics,m2n2,deep_learning,,main,machine_1_6,seed6,online_adaptation,available,/root/bachelor-thesis-2026/outputs/benchmark/online_streaming/smd/m2n2/main/machine_1_6/seed6/online_metrics.json,baseline__m2n2__main__machine_1_6__seed6__online_metrics.json,/root/bachelor-thesis-2026/outputs/reporting/online_phase_tables/online_metrics_99/baseline__m2n2__main__machine_1_6__seed6__online_metrics.json,732802,b0db454b6dac442db5320271988f99e9c5ded5d59c371b9ce8fc3063fb5dead3
online,online_metrics,m2n2,deep_learning,,main,machine_1_6,seed8,online_adaptation,available,/root/bachelor-thesis-2026/outputs/benchmark/online_streaming/smd/m2n2/main/machine_1_6/seed8/online_metrics.json,baseline__m2n2__main__machine_1_6__seed8__online_metrics.json,/root/bachelor-thesis-2026/outputs/reporting/online_phase_tables/online_metrics_99/baseline__m2n2__main__machine_1_6__seed8__online_metrics.json,734972,3b3be00cd6a0341adc75541795c85f7b05be97cb7567f37a9b4e69610d45b6bb
online,online_metrics,m2n2,deep_learning,,main,machine_3_4,seed36,online_adaptation,available,/root/bachelor-thesis-2026/outputs/benchmark/online_streaming/smd/m2n2/main/machine_3_4/seed36/online_metrics.json,baseline__m2n2__main__machine_3_4__seed36__online_metrics.json,/root/bachelor-thesis-2026/outputs/reporting/online_phase_tables/online_metrics_99/baseline__m2n2__main__machine_3_4__seed36__online_metrics.json,1224789,92a65407d274a067fabe57a5ad49df9b76864858e82b5fac933b1829c567dc1b
online,online_metrics,m2n2,deep_learning,,main,machine_3_4,seed6,online_adaptation,available,/root/bachelor-thesis-2026/outputs/benchmark/online_streaming/smd/m2n2/main/machine_3_4/seed6/online_metrics.json,baseline__m2n2__main__machine_3_4__seed6__online_metrics.json,/root/bachelor-thesis-2026/outputs/reporting/online_phase_tables/online_metrics_99/baseline__m2n2__main__machine_3_4__seed6__online_metrics.json,1224555,68d693744d471125ce9302e6a04a2454658dfbb43946b2842a0f5082a5324c90
online,online_metrics,m2n2,deep_learning,,main,machine_3_4,seed8,online_adaptation,available,/root/bachelor-thesis-2026/outputs/benchmark/online_streaming/smd/m2n2/main/machine_3_4/seed8/online_metrics.json,baseline__m2n2__main__machine_3_4__seed8__online_metrics.json,/root/bachelor-thesis-2026/outputs/reporting/online_phase_tables/online_metrics_99/baseline__m2n2__main__machine_3_4__seed8__online_metrics.json,1228716,a4aa613e4dbda50179bfc79b6769e1273a355db43ee93c1cb42be03549dc9568
online,online_metrics,m2n2,deep_learning,,main,machine_3_9,seed36,online_adaptation,available,/root/bachelor-thesis-2026/outputs/benchmark/online_streaming/smd/m2n2/main/machine_3_9/seed36/online_metrics.json,baseline__m2n2__main__machine_3_9__seed36__online_metrics.json,/root/bachelor-thesis-2026/outputs/reporting/online_phase_tables/online_metrics_99/baseline__m2n2__main__machine_3_9__seed36__online_metrics.json,3462877,2e2863756a586f4e9a879af7629c6def899bcdfd0e817cc98293c37e94db7802
online,online_metrics,m2n2,deep_learning,,main,machine_3_9,seed6,online_adaptation,available,/root/bachelor-thesis-2026/outputs/benchmark/online_streaming/smd/m2n2/main/machine_3_9/seed6/online_metrics.json,baseline__m2n2__main__machine_3_9__seed6__online_metrics.json,/root/bachelor-thesis-2026/outputs/reporting/online_phase_tables/online_metrics_99/baseline__m2n2__main__machine_3_9__seed6__online_metrics.json,3461673,3bd9cf3f5f40dca323bcab60aff40ff4d0bc41d4b66b80bfcb82d78f2bf99114
online,online_metrics,m2n2,deep_learning,,main,machine_3_9,seed8,online_adaptation,available,/root/bachelor-thesis-2026/outputs/benchmark/online_streaming/smd/m2n2/main/machine_3_9/seed8/online_metrics.json,baseline__m2n2__main__machine_3_9__seed8__online_metrics.json,/root/bachelor-thesis-2026/outputs/reporting/online_phase_tables/online_metrics_99/baseline__m2n2__main__machine_3_9__seed8__online_metrics.json,3457609,3c77b84b292220839c7cac9c97a39a57bba4cadca737be545c7402c0ad659559
online,online_metrics,iforest,traditional_ml,,main,machine_1_6,seed36,online_adaptation,available,/root/bachelor-thesis-2026/outputs/benchmark/online_streaming/smd/iforest/main/machine_1_6/seed36/online_metrics.json,baseline__iforest__main__machine_1_6__seed36__online_metrics.json,/root/bachelor-thesis-2026/outputs/reporting/online_phase_tables/online_metrics_99/baseline__iforest__main__machine_1_6__seed36__online_metrics.json,750476,0c282a48ac73f9bd431a8dc5e6e9160d8855df2f45420e7e52b1c098ed89be64
online,online_metrics,iforest,traditional_ml,,main,machine_1_6,seed6,online_adaptation,available,/root/bachelor-thesis-2026/outputs/benchmark/online_streaming/smd/iforest/main/machine_1_6/seed6/online_metrics.json,baseline__iforest__main__machine_1_6__seed6__online_metrics.json,/root/bachelor-thesis-2026/outputs/reporting/online_phase_tables/online_metrics_99/baseline__iforest__main__machine_1_6__seed6__online_metrics.json,750311,f44eeedfa61292a4e2bceb9b404b6fcd36b75852c9337aaf5377e9697788bacd
online,online_metrics,iforest,traditional_ml,,main,machine_1_6,seed8,online_adaptation,available,/root/bachelor-thesis-2026/outputs/benchmark/online_streaming/smd/iforest/main/machine_1_6/seed8/online_metrics.json,baseline__iforest__main__machine_1_6__seed8__online_metrics.json,/root/bachelor-thesis-2026/outputs/reporting/online_phase_tables/online_metrics_99/baseline__iforest__main__machine_1_6__seed8__online_metrics.json,752604,c7524cb6553df5e0aa7cb7b30ec2fc0d6b2ca9384c38e536ff66c84bbbb17a1b
online,online_metrics,iforest,traditional_ml,,main,machine_3_4,seed36,online_adaptation,available,/root/bachelor-thesis-2026/outputs/benchmark/online_streaming/smd/iforest/main/machine_3_4/seed36/online_metrics.json,baseline__iforest__main__machine_3_4__seed36__online_metrics.json,/root/bachelor-thesis-2026/outputs/reporting/online_phase_tables/online_metrics_99/baseline__iforest__main__machine_3_4__seed36__online_metrics.json,1275672,c3be7c4489a746d50738cad3c2f47e7014a8fae44d198262c2d311706e9693cb
online,online_metrics,iforest,traditional_ml,,main,machine_3_4,seed6,online_adaptation,available,/root/bachelor-thesis-2026/outputs/benchmark/online_streaming/smd/iforest/main/machine_3_4/seed6/online_metrics.json,baseline__iforest__main__machine_3_4__seed6__online_metrics.json,/root/bachelor-thesis-2026/outputs/reporting/online_phase_tables/online_metrics_99/baseline__iforest__main__machine_3_4__seed6__online_metrics.json,1279233,44c11d6ff786110509faf9329fd9802b61b2235fafdd3bbf2a7b4f012c648ebc
online,online_metrics,iforest,traditional_ml,,main,machine_3_4,seed8,online_adaptation,available,/root/bachelor-thesis-2026/outputs/benchmark/online_streaming/smd/iforest/main/machine_3_4/seed8/online_metrics.json,baseline__iforest__main__machine_3_4__seed8__online_metrics.json,/root/bachelor-thesis-2026/outputs/reporting/online_phase_tables/online_metrics_99/baseline__iforest__main__machine_3_4__seed8__online_metrics.json,1278873,f0a75a5b48e1877381666b0cc9af1ae65a79d2848116dc7feee361ede96b1446
online,online_metrics,iforest,traditional_ml,,main,machine_3_9,seed36,online_adaptation,available,/root/bachelor-thesis-2026/outputs/benchmark/online_streaming/smd/iforest/main/machine_3_9/seed36/online_metrics.json,baseline__iforest__main__machine_3_9__seed36__online_metrics.json,/root/bachelor-thesis-2026/outputs/reporting/online_phase_tables/online_metrics_99/baseline__iforest__main__machine_3_9__seed36__online_metrics.json,3531898,4dbb8ac73a7178d08b84b90930dfee106950fdd5eb77eeaa7c55461c992e156b
online,online_metrics,iforest,traditional_ml,,main,machine_3_9,seed6,online_adaptation,available,/root/bachelor-thesis-2026/outputs/benchmark/online_streaming/smd/iforest/main/machine_3_9/seed6/online_metrics.json,baseline__iforest__main__machine_3_9__seed6__online_metrics.json,/root/bachelor-thesis-2026/outputs/reporting/online_phase_tables/online_metrics_99/baseline__iforest__main__machine_3_9__seed6__online_metrics.json,3547814,2d8999e3eb015206af62b7c5a717a025386bd1bea6da59736a336f9f5caf2861
online,online_metrics,iforest,traditional_ml,,main,machine_3_9,seed8,online_adaptation,available,/root/bachelor-thesis-2026/outputs/benchmark/online_streaming/smd/iforest/main/machine_3_9/seed8/online_metrics.json,baseline__iforest__main__machine_3_9__seed8__online_metrics.json,/root/bachelor-thesis-2026/outputs/reporting/online_phase_tables/online_metrics_99/baseline__iforest__main__machine_3_9__seed8__online_metrics.json,3535483,c8f17684d364a5fbb17d696b368819cbe663f0c99bcb67a3c3f442af5aab5ea2
online,online_metrics,kmeans_ad,traditional_ml,,main,machine_1_6,seed36,online_adaptation,available,/root/bachelor-thesis-2026/outputs/benchmark/online_streaming/smd/kmeans_ad/main/machine_1_6/seed36/online_metrics.json,baseline__kmeans_ad__main__machine_1_6__seed36__online_metrics.json,/root/bachelor-thesis-2026/outputs/reporting/online_phase_tables/online_metrics_99/baseline__kmeans_ad__main__machine_1_6__seed36__online_metrics.json,718003,da21376785429eada2e4771c96d019f8222a9a0e5f64c53ace88b601658a7d0b
online,online_metrics,kmeans_ad,traditional_ml,,main,machine_1_6,seed6,online_adaptation,available,/root/bachelor-thesis-2026/outputs/benchmark/online_streaming/smd/kmeans_ad/main/machine_1_6/seed6/online_metrics.json,baseline__kmeans_ad__main__machine_1_6__seed6__online_metrics.json,/root/bachelor-thesis-2026/outputs/reporting/online_phase_tables/online_metrics_99/baseline__kmeans_ad__main__machine_1_6__seed6__online_metrics.json,720221,da413be019e9024238e871c99aead4615d7ca6e417569cef9c791c5ebf166f18
online,online_metrics,kmeans_ad,traditional_ml,,main,machine_1_6,seed8,online_adaptation,available,/root/bachelor-thesis-2026/outputs/benchmark/online_streaming/smd/kmeans_ad/main/machine_1_6/seed8/online_metrics.json,baseline__kmeans_ad__main__machine_1_6__seed8__online_metrics.json,/root/bachelor-thesis-2026/outputs/reporting/online_phase_tables/online_metrics_99/baseline__kmeans_ad__main__machine_1_6__seed8__online_metrics.json,719975,46401b61494f7f6f92770164ba2b6080eab4df6b386dfffa7d520cfb04acda26
online,online_metrics,kmeans_ad,traditional_ml,,main,machine_3_4,seed36,online_adaptation,available,/root/bachelor-thesis-2026/outputs/benchmark/online_streaming/smd/kmeans_ad/main/machine_3_4/seed36/online_metrics.json,baseline__kmeans_ad__main__machine_3_4__seed36__online_metrics.json,/root/bachelor-thesis-2026/outputs/reporting/online_phase_tables/online_metrics_99/baseline__kmeans_ad__main__machine_3_4__seed36__online_metrics.json,1222110,dcb7bbe4410245b7ced47bdc960235dc03591375e96e101507979f487c0b44eb
online,online_metrics,kmeans_ad,traditional_ml,,main,machine_3_4,seed6,online_adaptation,available,/root/bachelor-thesis-2026/outputs/benchmark/online_streaming/smd/kmeans_ad/main/machine_3_4/seed6/online_metrics.json,baseline__kmeans_ad__main__machine_3_4__seed6__online_metrics.json,/root/bachelor-thesis-2026/outputs/reporting/online_phase_tables/online_metrics_99/baseline__kmeans_ad__main__machine_3_4__seed6__online_metrics.json,1218655,784281f9cad564bd7fb91bc19f2404d9632a743f4740bc99500cfbea0e546f22
online,online_metrics,kmeans_ad,traditional_ml,,main,machine_3_4,seed8,online_adaptation,available,/root/bachelor-thesis-2026/outputs/benchmark/online_streaming/smd/kmeans_ad/main/machine_3_4/seed8/online_metrics.json,baseline__kmeans_ad__main__machine_3_4__seed8__online_metrics.json,/root/bachelor-thesis-2026/outputs/reporting/online_phase_tables/online_metrics_99/baseline__kmeans_ad__main__machine_3_4__seed8__online_metrics.json,1222344,755e332852f6bc9605f290b962f439562cb252d58b860692078aebe09c73d6c5
online,online_metrics,kmeans_ad,traditional_ml,,main,machine_3_9,seed36,online_adaptation,available,/root/bachelor-thesis-2026/outputs/benchmark/online_streaming/smd/kmeans_ad/main/machine_3_9/seed36/online_metrics.json,baseline__kmeans_ad__main__machine_3_9__seed36__online_metrics.json,/root/bachelor-thesis-2026/outputs/reporting/online_phase_tables/online_metrics_99/baseline__kmeans_ad__main__machine_3_9__seed36__online_metrics.json,3435537,fddc512601436a055ff84e859b06b0edd229f873c8c93317ffe347009fe155fa
online,online_metrics,kmeans_ad,traditional_ml,,main,machine_3_9,seed6,online_adaptation,available,/root/bachelor-thesis-2026/outputs/benchmark/online_streaming/smd/kmeans_ad/main/machine_3_9/seed6/online_metrics.json,baseline__kmeans_ad__main__machine_3_9__seed6__online_metrics.json,/root/bachelor-thesis-2026/outputs/reporting/online_phase_tables/online_metrics_99/baseline__kmeans_ad__main__machine_3_9__seed6__online_metrics.json,3424214,6a7970f24068f6cdac599cc1001f7c2c879daa525727aff6382c89a4a75a3e71
online,online_metrics,kmeans_ad,traditional_ml,,main,machine_3_9,seed8,online_adaptation,available,/root/bachelor-thesis-2026/outputs/benchmark/online_streaming/smd/kmeans_ad/main/machine_3_9/seed8/online_metrics.json,baseline__kmeans_ad__main__machine_3_9__seed8__online_metrics.json,/root/bachelor-thesis-2026/outputs/reporting/online_phase_tables/online_metrics_99/baseline__kmeans_ad__main__machine_3_9__seed8__online_metrics.json,3433980,01b0b2eb366d46c5eff73557e8c68192c481ae072a9d00f485df59d78bced2ad
online,online_metrics,stumpy,traditional_ml,,main,machine_1_6,seed36,online_adaptation,available,/root/bachelor-thesis-2026/outputs/benchmark/online_streaming/smd/stumpy/main/machine_1_6/seed36/online_metrics.json,baseline__stumpy__main__machine_1_6__seed36__online_metrics.json,/root/bachelor-thesis-2026/outputs/reporting/online_phase_tables/online_metrics_99/baseline__stumpy__main__machine_1_6__seed36__online_metrics.json,717452,04dabcb53abba85fc316f09ceba865520fa5194da5d7c80db5990e18034fc37d
online,online_metrics,stumpy,traditional_ml,,main,machine_1_6,seed6,online_adaptation,available,/root/bachelor-thesis-2026/outputs/benchmark/online_streaming/smd/stumpy/main/machine_1_6/seed6/online_metrics.json,baseline__stumpy__main__machine_1_6__seed6__online_metrics.json,/root/bachelor-thesis-2026/outputs/reporting/online_phase_tables/online_metrics_99/baseline__stumpy__main__machine_1_6__seed6__online_metrics.json,717452,04dabcb53abba85fc316f09ceba865520fa5194da5d7c80db5990e18034fc37d
online,online_metrics,stumpy,traditional_ml,,main,machine_1_6,seed8,online_adaptation,available,/root/bachelor-thesis-2026/outputs/benchmark/online_streaming/smd/stumpy/main/machine_1_6/seed8/online_metrics.json,baseline__stumpy__main__machine_1_6__seed8__online_metrics.json,/root/bachelor-thesis-2026/outputs/reporting/online_phase_tables/online_metrics_99/baseline__stumpy__main__machine_1_6__seed8__online_metrics.json,717452,04dabcb53abba85fc316f09ceba865520fa5194da5d7c80db5990e18034fc37d
online,online_metrics,stumpy,traditional_ml,,main,machine_3_4,seed36,online_adaptation,available,/root/bachelor-thesis-2026/outputs/benchmark/online_streaming/smd/stumpy/main/machine_3_4/seed36/online_metrics.json,baseline__stumpy__main__machine_3_4__seed36__online_metrics.json,/root/bachelor-thesis-2026/outputs/reporting/online_phase_tables/online_metrics_99/baseline__stumpy__main__machine_3_4__seed36__online_metrics.json,1221853,69b59290d64248a6fd9d4dec4a4c74d2705af9a0925026286b872d2ae1be020b
online,online_metrics,stumpy,traditional_ml,,main,machine_3_4,seed6,online_adaptation,available,/root/bachelor-thesis-2026/outputs/benchmark/online_streaming/smd/stumpy/main/machine_3_4/seed6/online_metrics.json,baseline__stumpy__main__machine_3_4__seed6__online_metrics.json,/root/bachelor-thesis-2026/outputs/reporting/online_phase_tables/online_metrics_99/baseline__stumpy__main__machine_3_4__seed6__online_metrics.json,1221853,69b59290d64248a6fd9d4dec4a4c74d2705af9a0925026286b872d2ae1be020b
online,online_metrics,stumpy,traditional_ml,,main,machine_3_4,seed8,online_adaptation,available,/root/bachelor-thesis-2026/outputs/benchmark/online_streaming/smd/stumpy/main/machine_3_4/seed8/online_metrics.json,baseline__stumpy__main__machine_3_4__seed8__online_metrics.json,/root/bachelor-thesis-2026/outputs/reporting/online_phase_tables/online_metrics_99/baseline__stumpy__main__machine_3_4__seed8__online_metrics.json,1221853,69b59290d64248a6fd9d4dec4a4c74d2705af9a0925026286b872d2ae1be020b
online,online_metrics,stumpy,traditional_ml,,main,machine_3_9,seed36,online_adaptation,available,/root/bachelor-thesis-2026/outputs/benchmark/online_streaming/smd/stumpy/main/machine_3_9/seed36/online_metrics.json,baseline__stumpy__main__machine_3_9__seed36__online_metrics.json,/root/bachelor-thesis-2026/outputs/reporting/online_phase_tables/online_metrics_99/baseline__stumpy__main__machine_3_9__seed36__online_metrics.json,3411494,8a5b7a868a225515d8a75c2b654630da10d2a63ea204874f31d6d78a0891c73f
online,online_metrics,stumpy,traditional_ml,,main,machine_3_9,seed6,online_adaptation,available,/root/bachelor-thesis-2026/outputs/benchmark/online_streaming/smd/stumpy/main/machine_3_9/seed6/online_metrics.json,baseline__stumpy__main__machine_3_9__seed6__online_metrics.json,/root/bachelor-thesis-2026/outputs/reporting/online_phase_tables/online_metrics_99/baseline__stumpy__main__machine_3_9__seed6__online_metrics.json,3411494,8a5b7a868a225515d8a75c2b654630da10d2a63ea204874f31d6d78a0891c73f
online,online_metrics,stumpy,traditional_ml,,main,machine_3_9,seed8,online_adaptation,available,/root/bachelor-thesis-2026/outputs/benchmark/online_streaming/smd/stumpy/main/machine_3_9/seed8/online_metrics.json,baseline__stumpy__main__machine_3_9__seed8__online_metrics.json,/root/bachelor-thesis-2026/outputs/reporting/online_phase_tables/online_metrics_99/baseline__stumpy__main__machine_3_9__seed8__online_metrics.json,3411494,8a5b7a868a225515d8a75c2b654630da10d2a63ea204874f31d6d78a0891c73f
