rank,file_name,series_name,total_length,train_length,test_length,kl_train_to_test,kl_test_to_train,symmetric_kl
1,246_UCR_Anomaly_tilt12755mtable_100211_270800_271070.txt,tilt12755mtable,299867,270800,28797,9.294522730292,0.626470454249,4.960496592271
2,159_UCR_Anomaly_TkeepSecondMARS_3500_9330_9340.txt,TkeepSecondMARS,11388,9330,2048,8.763479609003,0.363572208919,4.563525908961
3,202_UCR_Anomaly_CHARISfive_10411_10998_11028.txt,CHARISfive,41790,10998,30762,4.170776572853,0.630844656343,2.400810614598
4,204_UCR_Anomaly_CHARISfive_12412_15000_15070.txt,CHARISfive,41999,15000,26929,3.032941924195,0.368850175654,1.700896049924
5,212_UCR_Anomaly_Italianpowerdemand_8913_29480_29504.txt,Italianpowerdemand,29931,29480,427,2.688010952235,0.194262919119,1.441136935677
6,206_UCR_Anomaly_CHARISten_25130_29080_29140.txt,CHARISten,42000,29080,12860,2.124448766585,0.078721870889,1.101585318737
7,205_UCR_Anomaly_CHARISfive_9812_28995_29085.txt,CHARISfive,39870,28995,10785,1.745009324905,0.268372400603,1.006690862754
8,033_UCR_Anomaly_DISTORTEDInternalBleeding5_4000_6200_6370.txt,DISTORTEDInternalBleeding5,7415,6200,1045,1.234914219214,0.115677834773,0.675296026993
9,194_UCR_Anomaly_sddb49_20000_67950_68200.txt,sddb49,80000,67950,11800,1.118950752773,0.102782190872,0.610866471822
10,051_UCR_Anomaly_DISTORTEDTkeepSecondMARS_3500_9330_9340.txt,DISTORTEDTkeepSecondMARS,11388,9330,2048,1.106778578831,0.129064864938,0.617921721885
11,151_UCR_Anomaly_MesoplodonDensirostris_10000_19280_19440.txt,MesoplodonDensirostris,24667,19280,5227,1.103881719299,0.734678725282,0.919280222290
12,043_UCR_Anomaly_DISTORTEDMesoplodonDensirostris_10000_19280_19440.txt,DISTORTEDMesoplodonDensirostris,24667,19280,5227,1.085780326016,0.715984025653,0.900882175835
13,102_UCR_Anomaly_NOISEMesoplodonDensirostris_10000_19280_19440.txt,NOISEMesoplodonDensirostris,24667,19280,5227,1.044400214118,0.684148580238,0.864274397178
14,086_UCR_Anomaly_DISTORTEDsddb49_20000_67950_68200.txt,DISTORTEDsddb49,80000,67950,11800,1.022144266453,0.085568693665,0.553856480059
15,189_UCR_Anomaly_resperation3_45000_158250_158251.txt,resperation3,190100,158250,31849,0.737383133296,0.078913357713,0.408148245505
16,243_UCR_Anomaly_tilt12744mtable_100000_203355_203400.txt,tilt12744mtable,250001,203355,46601,0.727838040596,0.057803621140,0.392820830868
17,187_UCR_Anomaly_resperation2_30000_168250_168250.txt,resperation2,200051,168250,31801,0.689425057042,0.072499368468,0.380962212755
18,188_UCR_Anomaly_resperation2_30000_168250_168251.txt,resperation2,190050,168250,21799,0.673725564315,0.070339615169,0.372032589742
19,199_UCR_Anomaly_tiltAPB3_40000_114000_114370.txt,tiltAPB3,129489,114000,15119,0.649295233924,0.105237785494,0.377266509709
20,245_UCR_Anomaly_tilt12754table_100211_270800_271070.txt,tilt12754table,298747,270800,27677,0.637616897178,0.460461336533,0.549039116856
21,247_UCR_Anomaly_tilt12755mtable_50211_121900_121980.txt,tilt12755mtable,200000,121900,78020,0.587260730154,0.173205526820,0.380233128487
22,162_UCR_Anomaly_WalkingAceleration5_2700_5920_5979.txt,WalkingAceleration5,6684,5920,705,0.559323127087,0.164102165146,0.361712646117
23,242_UCR_Anomaly_tilt12744mtable_100000_104630_104890.txt,tilt12744mtable,286667,104630,181777,0.545262179311,0.040290180226,0.292776179768
24,229_UCR_Anomaly_mit14134longtermecg_16363_57960_57970.txt,mit14134longtermecg,59000,57960,1030,0.533150237892,0.076057906985,0.304604072438
25,198_UCR_Anomaly_tiltAPB2_50000_124159_124985.txt,tiltAPB2,128767,124159,3782,0.518556543283,0.059152762551,0.288854652917
26,197_UCR_Anomaly_tiltAPB1_100000_114283_114350.txt,tiltAPB1,130001,114283,15651,0.480799379891,0.101319669989,0.291059524940
27,248_UCR_Anomaly_weallwalk_2000_4702_4707.txt,weallwalk,8432,4702,3725,0.469759774547,0.067405327530,0.268582551039
28,090_UCR_Anomaly_DISTORTEDtiltAPB2_50000_124159_124985.txt,DISTORTEDtiltAPB2,128767,124159,3782,0.460120539181,0.046256917658,0.253188728420
29,191_UCR_Anomaly_resperation9_38000_143411_143511.txt,resperation9,195000,143411,51489,0.459124572705,0.081615619221,0.270370095963
30,046_UCR_Anomaly_DISTORTEDPowerDemand3_16000_23405_23477.txt,DISTORTEDPowerDemand3,29931,23405,6454,0.457892721243,0.058629867983,0.258261294613
31,091_UCR_Anomaly_DISTORTEDtiltAPB3_40000_114000_114370.txt,DISTORTEDtiltAPB3,129489,114000,15119,0.451054926415,0.075441288308,0.263248107361
32,054_UCR_Anomaly_DISTORTEDWalkingAceleration5_2700_5920_5979.txt,DISTORTEDWalkingAceleration5,6684,5920,705,0.450371439393,0.149189856923,0.299780648158
33,032_UCR_Anomaly_DISTORTEDInternalBleeding4_1000_4675_5033.txt,DISTORTEDInternalBleeding4,7321,4675,2288,0.439223858724,0.057765601512,0.248494730118
34,050_UCR_Anomaly_DISTORTEDTkeepForthMARS_3500_5988_6085.txt,DISTORTEDTkeepForthMARS,11308,5988,5223,0.419660697475,0.191459708386,0.305560202930
35,112_UCR_Anomaly_BIDMC1_2500_5400_5600.txt,BIDMC1,11000,5400,5400,0.415832269336,0.110465216240,0.263148742788
36,036_UCR_Anomaly_DISTORTEDInternalBleeding9_4200_6599_6681.txt,DISTORTEDInternalBleeding9,7501,6599,820,0.382128201258,0.110226938708,0.246177569983
37,115_UCR_Anomaly_CIMIS44AirTemperature3_4000_6520_6544.txt,CIMIS44AirTemperature3,8184,6520,1640,0.379952041020,0.063214578490,0.221583309755
38,158_UCR_Anomaly_TkeepForthMARS_3500_5988_6085.txt,TkeepForthMARS,11308,5988,5223,0.372140275653,0.279285497637,0.325712886645
39,156_UCR_Anomaly_TkeepFifthMARS_3500_5988_6085.txt,TkeepFifthMARS,11334,5988,5249,0.370728709758,0.277625210602,0.324176960180
40,108_UCR_Anomaly_NOISEresperation2_30000_168250_168250.txt,NOISEresperation2,200051,168250,31801,0.367956239671,0.032539451015,0.200247845343
41,201_UCR_Anomaly_CHARISfive_10000_17001_17016.txt,CHARISfive,41347,17001,24331,0.367406799535,0.076128898364,0.221767848949
42,232_UCR_Anomaly_mit14134longtermecg_8763_57530_57790.txt,mit14134longtermecg,59000,57530,1210,0.359012659458,0.041986614792,0.200499637125
43,214_UCR_Anomaly_STAFFIIIDatabase_34211_125720_126370.txt,STAFFIIIDatabase,299690,125720,173320,0.354891878591,0.263452398694,0.309172138643
44,153_UCR_Anomaly_PowerDemand2_14000_23357_23717.txt,PowerDemand2,29931,23357,6214,0.347686704977,0.067645437458,0.207666071217
45,154_UCR_Anomaly_PowerDemand3_16000_23405_23477.txt,PowerDemand3,29931,23405,6454,0.346013525036,0.066079190524,0.206046357780
46,155_UCR_Anomaly_PowerDemand4_18000_24005_24077.txt,PowerDemand4,29931,24005,5854,0.342946316020,0.072051737601,0.207499026810
47,081_UCR_Anomaly_DISTORTEDresperation3_45000_158250_158251.txt,DISTORTEDresperation3,190100,158250,31849,0.330121806160,0.028825733876,0.179473770018
48,049_UCR_Anomaly_DISTORTEDTkeepFirstMARS_3500_5365_5380.txt,DISTORTEDTkeepFirstMARS,11406,5365,6026,0.316049026988,0.085450369747,0.200749698368
49,031_UCR_Anomaly_DISTORTEDInternalBleeding20_2700_5759_5919.txt,DISTORTEDInternalBleeding20,7500,5759,1581,0.313905067447,0.054800704140,0.184352885793
50,250_UCR_Anomaly_weallwalk_2951_7290_7296.txt,weallwalk,10468,7290,3172,0.287219408690,0.036139837546,0.161679623118
51,216_UCR_Anomaly_STAFFIIIDatabase_37216_160720_161370.txt,STAFFIIIDatabase,299890,160720,138520,0.285868695072,0.255871016370,0.270869855721
52,080_UCR_Anomaly_DISTORTEDresperation2_30000_168250_168251.txt,DISTORTEDresperation2,190050,168250,21799,0.282341111923,0.031873086985,0.157107099454
53,207_UCR_Anomaly_CHARISten_3165_26929_26989.txt,CHARISten,39870,26929,12881,0.281843042963,0.029913603939,0.155878323451
54,089_UCR_Anomaly_DISTORTEDtiltAPB1_100000_114283_114350.txt,DISTORTEDtiltAPB1,130001,114283,15651,0.278589527332,0.079274575262,0.178932051297
55,004_UCR_Anomaly_DISTORTEDBIDMC1_2500_5400_5600.txt,DISTORTEDBIDMC1,11000,5400,5400,0.270675604306,0.109385138094,0.190030371200
56,007_UCR_Anomaly_DISTORTEDCIMIS44AirTemperature3_4000_6520_6544.txt,DISTORTEDCIMIS44AirTemperature3,8184,6520,1640,0.270157040727,0.058785773264,0.164471406996
57,217_UCR_Anomaly_STAFFIIIDatabase_38211_150720_151370.txt,STAFFIIIDatabase,299690,150720,148320,0.263077022359,0.203537294163,0.233307158261
58,240_UCR_Anomaly_taichidbS0715Master_240030_884100_884200.txt,taichidbS0715Master,900000,884100,15800,0.260323953877,0.014594877671,0.137459415774
59,079_UCR_Anomaly_DISTORTEDresperation2_30000_168250_168250.txt,DISTORTEDresperation2,200051,168250,31801,0.249142732960,0.024599208321,0.136870970641
60,045_UCR_Anomaly_DISTORTEDPowerDemand2_14000_23357_23717.txt,DISTORTEDPowerDemand2,29931,23357,6214,0.240287984604,0.053516490418,0.146902237511
61,249_UCR_Anomaly_weallwalk_2753_8285_8315.txt,weallwalk,10524,8285,2209,0.239487640111,0.027929901995,0.133708771053
62,047_UCR_Anomaly_DISTORTEDPowerDemand4_18000_24005_24077.txt,DISTORTEDPowerDemand4,29931,24005,5854,0.224364480308,0.062808247627,0.143586363967
63,008_UCR_Anomaly_DISTORTEDCIMIS44AirTemperature4_4000_5549_5597.txt,DISTORTEDCIMIS44AirTemperature4,8184,5549,2587,0.224356504171,0.047805008318,0.136080756245
64,029_UCR_Anomaly_DISTORTEDInternalBleeding18_2300_4485_4587.txt,DISTORTEDInternalBleeding18,7500,4485,2913,0.220187747209,0.052026292334,0.136107019772
65,094_UCR_Anomaly_NOISEBIDMC1_2500_5400_5600.txt,NOISEBIDMC1,11000,5400,5400,0.200571064800,0.080899921170,0.140735492985
66,034_UCR_Anomaly_DISTORTEDInternalBleeding6_1500_3474_3629.txt,DISTORTEDInternalBleeding6,7654,3474,4025,0.196705127570,0.618188095632,0.407446611601
67,160_UCR_Anomaly_TkeepThirdMARS_3500_4711_4809.txt,TkeepThirdMARS,11308,4711,6499,0.194587393291,0.169780006950,0.182183700121
68,167_UCR_Anomaly_gait1_20000_38500_38800.txt,gait1,65000,38500,26200,0.191137567032,0.177775220628,0.184456393830
69,200_UCR_Anomaly_tiltAPB4_20000_67995_67996.txt,tiltAPB4,128001,67995,60005,0.188197037491,1.265067818033,0.726632427762
70,088_UCR_Anomaly_DISTORTEDsel840mECG2_20000_49370_49740.txt,DISTORTEDsel840mECG2,57001,49370,7261,0.182163391312,0.050456965904,0.116310178608
71,083_UCR_Anomaly_DISTORTEDresperation9_38000_143411_143511.txt,DISTORTEDresperation9,195000,143411,51489,0.178576600400,0.031915242982,0.105245921691
72,219_UCR_Anomaly_STAFFIIIDatabase_41612_64632_64852.txt,STAFFIIIDatabase,299840,64632,234988,0.177227022949,0.114644353500,0.145935688224
73,038_UCR_Anomaly_DISTORTEDLab2Cmac011215EPG2_5000_27862_27932.txt,DISTORTEDLab2Cmac011215EPG2,29950,27862,2018,0.176750342590,0.077652184608,0.127201263599
74,179_UCR_Anomaly_ltstdbs30791AS_23000_52600_52800.txt,ltstdbs30791AS,55000,52600,2200,0.170829681208,0.049308843700,0.110069262454
75,169_UCR_Anomaly_gait3_24500_59900_60500.txt,gait3,65000,59900,4500,0.161741948846,0.172912312015,0.167327130431
76,071_UCR_Anomaly_DISTORTEDltstdbs30791AS_23000_52600_52800.txt,DISTORTEDltstdbs30791AS,55000,52600,2200,0.160893057402,0.052203581419,0.106548319411
77,196_UCR_Anomaly_sel840mECG2_20000_49370_49740.txt,sel840mECG2,57001,49370,7261,0.159275130347,0.065835520491,0.112555325419
78,092_UCR_Anomaly_DISTORTEDtiltAPB4_20000_67995_67996.txt,DISTORTEDtiltAPB4,128001,67995,60005,0.157812232591,0.361542887984,0.259677560288
79,103_UCR_Anomaly_NOISETkeepThirdMARS_3500_4711_4809.txt,NOISETkeepThirdMARS,11308,4711,6499,0.147547386772,0.105011878305,0.126279632538
80,168_UCR_Anomaly_gait2_22000_46500_46800.txt,gait2,65000,46500,18200,0.145251812414,0.148448318018,0.146850065216
81,146_UCR_Anomaly_Lab2Cmac011215EPG2_5000_27862_27932.txt,Lab2Cmac011215EPG2,29950,27862,2018,0.138760495619,0.093573183747,0.116166839683
82,048_UCR_Anomaly_DISTORTEDTkeepFifthMARS_3500_5988_6085.txt,DISTORTEDTkeepFifthMARS,11334,5988,5249,0.136790537287,0.146731707955,0.141761122621
83,186_UCR_Anomaly_resperation1_100000_110260_110412.txt,resperation1,200000,110260,89588,0.127875277430,0.045485823847,0.086680550639
84,053_UCR_Anomaly_DISTORTEDWalkingAceleration1_1500_2764_2995.txt,DISTORTEDWalkingAceleration1,6684,2764,3689,0.126730517650,0.390456365041,0.258593441345
85,161_UCR_Anomaly_WalkingAceleration1_1500_2764_2995.txt,WalkingAceleration1,6684,2764,3689,0.124723364989,0.366411351820,0.245567358405
86,185_UCR_Anomaly_resperation11_58000_110800_110801.txt,resperation11,195000,110800,84199,0.124589408916,0.043868483040,0.084228945978
87,178_UCR_Anomaly_ltstdbs30791AI_17555_52600_52800.txt,ltstdbs30791AI,56123,52600,3323,0.122876305977,0.137306337069,0.130091321523
88,184_UCR_Anomaly_resperation10_48000_130700_131880.txt,resperation10,195000,130700,63120,0.122395197736,0.055447021151,0.088921109444
89,157_UCR_Anomaly_TkeepFirstMARS_3500_5365_5380.txt,TkeepFirstMARS,11406,5365,6026,0.120792757896,0.106882671475,0.113837714686
90,181_UCR_Anomaly_park3m_60000_72150_72495.txt,park3m,90000,72150,17505,0.120364598860,0.111380561716,0.115872580288
91,190_UCR_Anomaly_resperation4_70000_128430_128431.txt,resperation4,195250,128430,66819,0.118933868777,0.051535969824,0.085234919300
92,220_UCR_Anomaly_STAFFIIIDatabase_43217_250720_251370.txt,STAFFIIIDatabase,299790,250720,48420,0.117809707927,0.083227817412,0.100518762669
93,237_UCR_Anomaly_mit14157longtermecg_19313_89560_90370.txt,mit14157longtermecg,97000,89560,6630,0.113045020866,0.020934948172,0.066989984519
94,010_UCR_Anomaly_DISTORTEDCIMIS44AirTemperature6_4000_6006_6054.txt,DISTORTEDCIMIS44AirTemperature6,8184,6006,2130,0.111197919245,0.047078714396,0.079138316820
95,005_UCR_Anomaly_DISTORTEDCIMIS44AirTemperature1_4000_5391_5392.txt,DISTORTEDCIMIS44AirTemperature1,8184,5391,2792,0.110233353507,0.052333867684,0.081283610596
96,174_UCR_Anomaly_insectEPG2_3700_8000_8025.txt,insectEPG2,9998,8000,1973,0.109062877397,0.043443613583,0.076253245490
97,177_UCR_Anomaly_insectEPG5_3200_8500_8501.txt,insectEPG5,10028,8500,1527,0.108061312953,0.043651704090,0.075856508522
98,061_UCR_Anomaly_DISTORTEDgait3_24500_59900_60500.txt,DISTORTEDgait3,65000,59900,4500,0.105782886347,0.053183554635,0.079483220491
99,230_UCR_Anomaly_mit14134longtermecg_19363_19510_19610.txt,mit14134longtermecg,59000,19510,39390,0.102391229777,0.052143275978,0.077267252878
100,072_UCR_Anomaly_DISTORTEDltstdbs30791ES_20000_52600_52800.txt,DISTORTEDltstdbs30791ES,55000,52600,2200,0.099637763607,0.051259946755,0.075448855181
101,215_UCR_Anomaly_STAFFIIIDatabase_36276_106720_107370.txt,STAFFIIIDatabase,299990,106720,192620,0.098690737408,0.085422085431,0.092056411420
102,117_UCR_Anomaly_CIMIS44AirTemperature5_4000_4852_4900.txt,CIMIS44AirTemperature5,8184,4852,3284,0.096980306007,0.065435922655,0.081208114331
103,176_UCR_Anomaly_insectEPG4_1300_6508_6558.txt,insectEPG4,9998,6508,3440,0.091329924696,0.117279433856,0.104304679276
104,192_UCR_Anomaly_s20101mML2_12000_35774_35874.txt,s20101mML2,40000,35774,4126,0.089474275754,0.056315461640,0.072894868697
105,182_UCR_Anomaly_qtdbSel1005V_4000_12400_12800.txt,qtdbSel1005V,36001,12400,23201,0.087474108976,0.184281094890,0.135877601933
106,180_UCR_Anomaly_ltstdbs30791ES_20000_52600_52800.txt,ltstdbs30791ES,55000,52600,2200,0.087284449489,0.091092005966,0.089188227728
107,009_UCR_Anomaly_DISTORTEDCIMIS44AirTemperature5_4000_4852_4900.txt,DISTORTEDCIMIS44AirTemperature5,8184,4852,3284,0.085521602654,0.057536412853,0.071529007753
108,070_UCR_Anomaly_DISTORTEDltstdbs30791AI_17555_52600_52800.txt,DISTORTEDltstdbs30791AI,56123,52600,3323,0.083016461258,0.103871212226,0.093443836742
109,223_UCR_Anomaly_mit14046longtermecg_74123_131200_131700.txt,mit14046longtermecg,180386,131200,48686,0.080229317798,0.039840071370,0.060034694584
110,052_UCR_Anomaly_DISTORTEDTkeepThirdMARS_3500_4711_4809.txt,DISTORTEDTkeepThirdMARS,11308,4711,6499,0.079013721116,0.067250499839,0.073132110478
111,173_UCR_Anomaly_insectEPG1_3000_7000_7030.txt,insectEPG1,10001,7000,2971,0.078818969984,0.109562225897,0.094190597941
112,077_UCR_Anomaly_DISTORTEDresperation11_58000_110800_110801.txt,DISTORTEDresperation11,195000,110800,84199,0.078771867161,0.017599581691,0.048185724426
113,175_UCR_Anomaly_insectEPG3_5200_7000_7050.txt,insectEPG3,9998,7000,2948,0.078125217581,0.108788220172,0.093456718876
114,085_UCR_Anomaly_DISTORTEDs20101m_10000_35774_35874.txt,DISTORTEDs20101m,40000,35774,4126,0.076315926064,0.019012444004,0.047664185034
115,074_UCR_Anomaly_DISTORTEDqtdbSel1005V_4000_12400_12800.txt,DISTORTEDqtdbSel1005V,36001,12400,23201,0.075533460160,0.130186474021,0.102859967090
116,213_UCR_Anomaly_STAFFIIIDatabase_33211_126920_127370.txt,STAFFIIIDatabase,300000,126920,172630,0.075071113734,0.033586605422,0.054328859578
117,118_UCR_Anomaly_CIMIS44AirTemperature6_4000_6006_6054.txt,CIMIS44AirTemperature6,8184,6006,2130,0.073614514771,0.051380738870,0.062497626820
118,095_UCR_Anomaly_NOISECIMIS44AirTemperature4_4000_5549_5597.txt,NOISECIMIS44AirTemperature4,8184,5549,2587,0.071683966357,0.042758346911,0.057221156634
119,113_UCR_Anomaly_CIMIS44AirTemperature1_4000_5391_5392.txt,CIMIS44AirTemperature1,8184,5391,2792,0.070555679741,0.043637345330,0.057096512535
120,193_UCR_Anomaly_s20101m_10000_35774_35874.txt,s20101m,40000,35774,4126,0.070339121833,0.013975068202,0.042157095018
121,006_UCR_Anomaly_DISTORTEDCIMIS44AirTemperature2_4000_5703_5727.txt,DISTORTEDCIMIS44AirTemperature2,8184,5703,2457,0.070140934650,0.036918635303,0.053529784976
122,116_UCR_Anomaly_CIMIS44AirTemperature4_4000_5549_5597.txt,CIMIS44AirTemperature4,8184,5549,2587,0.069184041108,0.043352688272,0.056268364690
123,026_UCR_Anomaly_DISTORTEDInternalBleeding15_1700_5684_5854.txt,DISTORTEDInternalBleeding15,7601,5684,1747,0.068560815617,0.147442125377,0.108001470497
124,084_UCR_Anomaly_DISTORTEDs20101mML2_12000_35774_35874.txt,DISTORTEDs20101mML2,40000,35774,4126,0.068305806041,0.055758085239,0.062031945640
125,244_UCR_Anomaly_tilt12754table_100013_104630_104890.txt,tilt12754table,300262,104630,195372,0.067454194428,0.039798553488,0.053626373958
126,114_UCR_Anomaly_CIMIS44AirTemperature2_4000_5703_5727.txt,CIMIS44AirTemperature2,8184,5703,2457,0.067382548493,0.042983734035,0.055183141264
127,183_UCR_Anomaly_qtdbSel100MLII_4000_13400_13800.txt,qtdbSel100MLII,30000,13400,16200,0.063527755190,0.058809317601,0.061168536395
128,075_UCR_Anomaly_DISTORTEDqtdbSel100MLII_4000_13400_13800.txt,DISTORTEDqtdbSel100MLII,30000,13400,16200,0.061001914283,0.059890057024,0.060445985654
129,225_UCR_Anomaly_mit14046longtermecg_81214_143000_143300.txt,mit14046longtermecg,199999,143000,56699,0.060581422998,0.042327332685,0.051454377841
130,226_UCR_Anomaly_mit14046longtermecg_96123_123000_123300.txt,mit14046longtermecg,190001,123000,66701,0.059138698435,0.044172336614,0.051655517524
131,105_UCR_Anomaly_NOISEgait3_24500_59900_60500.txt,NOISEgait3,65000,59900,4500,0.058561316348,0.036551179441,0.047556247895
132,069_UCR_Anomaly_DISTORTEDinsectEPG5_3200_8500_8501.txt,DISTORTEDinsectEPG5,10028,8500,1527,0.057803027904,0.030505689793,0.044154358849
133,231_UCR_Anomaly_mit14134longtermecg_8763_47530_47790.txt,mit14134longtermecg,59000,47530,11210,0.056362767093,0.034300302423,0.045331534758
134,195_UCR_Anomaly_sel840mECG1_17000_51370_51740.txt,sel840mECG1,60000,51370,8260,0.055944907051,0.059912247052,0.057928577051
135,098_UCR_Anomaly_NOISEInternalBleeding16_1200_4187_4199.txt,NOISEInternalBleeding16,7501,4187,3302,0.054562803780,0.019701135866,0.037131969823
136,023_UCR_Anomaly_DISTORTEDGP711MarkerLFM5z5_5000_8612_8716.txt,DISTORTEDGP711MarkerLFM5z5,12000,8612,3284,0.053849981348,0.268727397090,0.161288689219
137,144_UCR_Anomaly_InternalBleeding9_4200_6599_6681.txt,InternalBleeding9,7501,6599,820,0.053558751871,0.054574946909,0.054066849390
138,203_UCR_Anomaly_CHARISfive_10500_10995_11028.txt,CHARISfive,41612,10995,30584,0.052008158289,0.038623265652,0.045315711970
139,228_UCR_Anomaly_mit14134longtermecg_11361_47830_47850.txt,mit14134longtermecg,59000,47830,11150,0.050448588607,0.021257023510,0.035852806059
140,152_UCR_Anomaly_PowerDemand1_9000_18485_18821.txt,PowerDemand1,29931,18485,11110,0.048294194983,0.028413337487,0.038353766235
141,028_UCR_Anomaly_DISTORTEDInternalBleeding17_1600_3198_3309.txt,DISTORTEDInternalBleeding17,7500,3198,4191,0.045760723396,0.115207781654,0.080484252525
142,210_UCR_Anomaly_Italianpowerdemand_36123_74900_74996.txt,Italianpowerdemand,119819,74900,44823,0.044942014826,0.027858061588,0.036400038207
143,021_UCR_Anomaly_DISTORTEDGP711MarkerLFM5z3_5000_5948_5993.txt,DISTORTEDGP711MarkerLFM5z3,12000,5948,6007,0.044855378166,0.016691311002,0.030773344584
144,067_UCR_Anomaly_DISTORTEDinsectEPG3_5200_7000_7050.txt,DISTORTEDinsectEPG3,9998,7000,2948,0.042614731578,0.029480675647,0.036047703612
145,078_UCR_Anomaly_DISTORTEDresperation1_100000_110260_110412.txt,DISTORTEDresperation1,200000,110260,89588,0.041951356512,0.019853607280,0.030902481896
146,171_UCR_Anomaly_gaitHunt2_18500_31200_31850.txt,gaitHunt2,64000,31200,32150,0.041853680081,0.041187115238,0.041520397659
147,087_UCR_Anomaly_DISTORTEDsel840mECG1_17000_51370_51740.txt,DISTORTEDsel840mECG1,60000,51370,8260,0.041817406052,0.041089129561,0.041453267807
148,165_UCR_Anomaly_apneaecg4_6000_16000_16100.txt,apneaecg4,38269,16000,22169,0.041694293671,0.083412797389,0.062553545530
149,066_UCR_Anomaly_DISTORTEDinsectEPG2_3700_8000_8025.txt,DISTORTEDinsectEPG2,9998,8000,1973,0.041615738836,0.030161861494,0.035888800165
150,030_UCR_Anomaly_DISTORTEDInternalBleeding19_3000_4187_4197.txt,DISTORTEDInternalBleeding19,7500,4187,3303,0.041605114706,0.037012618073,0.039308866389
151,209_UCR_Anomaly_Fantasia_19000_26970_27270.txt,Fantasia,92000,26970,64730,0.041118264186,0.018940308962,0.030029286574
152,027_UCR_Anomaly_DISTORTEDInternalBleeding16_1200_4187_4199.txt,DISTORTEDInternalBleeding16,7501,4187,3302,0.039758280563,0.036911846966,0.038335063765
153,025_UCR_Anomaly_DISTORTEDInternalBleeding14_2800_5607_5634.txt,DISTORTEDInternalBleeding14,7501,5607,1867,0.039297952931,0.052932279572,0.046115116251
154,163_UCR_Anomaly_apneaecg2_10000_20950_21100.txt,apneaecg2,38501,20950,17401,0.039241186677,0.049289781866,0.044265484272
155,044_UCR_Anomaly_DISTORTEDPowerDemand1_9000_18485_18821.txt,DISTORTEDPowerDemand1,29931,18485,11110,0.038728175296,0.020494850748,0.029611513022
156,170_UCR_Anomaly_gaitHunt1_18500_33070_33180.txt,gaitHunt1,64000,33070,30820,0.038559167762,0.038536559852,0.038547863807
157,073_UCR_Anomaly_DISTORTEDpark3m_60000_72150_72495.txt,DISTORTEDpark3m,90000,72150,17505,0.038223765565,0.025911753564,0.032067759564
158,218_UCR_Anomaly_STAFFIIIDatabase_41117_210720_211370.txt,STAFFIIIDatabase,299940,210720,88570,0.037081143801,0.016177129298,0.026629136550
159,059_UCR_Anomaly_DISTORTEDgait1_20000_38500_38800.txt,DISTORTEDgait1,65000,38500,26200,0.036990783851,0.056397204888,0.046693994370
160,211_UCR_Anomaly_Italianpowerdemand_38113_39240_39336.txt,Italianpowerdemand,119580,39240,80244,0.036788771964,0.024051557881,0.030420164923
161,164_UCR_Anomaly_apneaecg3_5000_11111_11211.txt,apneaecg3,38379,11111,27168,0.036664282243,0.076047476149,0.056355879196
162,107_UCR_Anomaly_NOISEinsectEPG3_5200_7000_7050.txt,NOISEinsectEPG3,9998,7000,2948,0.036584416898,0.068658831075,0.052621623986
163,221_UCR_Anomaly_STAFFIIIDatabase_45616_163632_164852.txt,STAFFIIIDatabase,298340,163632,133488,0.036060436492,0.030860707888,0.033460572190
164,172_UCR_Anomaly_gaitHunt3_23400_38400_39200.txt,gaitHunt3,64000,38400,24800,0.035701163134,0.036640350570,0.036170756852
165,035_UCR_Anomaly_DISTORTEDInternalBleeding8_2500_5865_5974.txt,DISTORTEDInternalBleeding8,7501,5865,1527,0.035284607765,0.036063727348,0.035674167556
166,065_UCR_Anomaly_DISTORTEDinsectEPG1_3000_7000_7030.txt,DISTORTEDinsectEPG1,10001,7000,2971,0.034713737360,0.131713339439,0.083213538399
167,062_UCR_Anomaly_DISTORTEDgaitHunt1_18500_33070_33180.txt,DISTORTEDgaitHunt1,64000,33070,30820,0.033847505316,0.022100512568,0.027974008942
168,166_UCR_Anomaly_apneaecg_10000_12240_12308.txt,apneaecg,38501,12240,26193,0.033057730852,0.067403752990,0.050230741921
169,147_UCR_Anomaly_Lab2Cmac011215EPG3_5000_16390_16420.txt,Lab2Cmac011215EPG3,29950,16390,13530,0.032103034872,0.024230199107,0.028166616990
170,037_UCR_Anomaly_DISTORTEDLab2Cmac011215EPG1_5000_17210_17260.txt,DISTORTEDLab2Cmac011215EPG1,30001,17210,12741,0.031929256398,0.017527982953,0.024728619675
171,024_UCR_Anomaly_DISTORTEDInternalBleeding10_3200_4526_4556.txt,DISTORTEDInternalBleeding10,7501,4526,2945,0.030963215320,0.106558399386,0.068760807353
172,132_UCR_Anomaly_InternalBleeding10_3200_4526_4556.txt,InternalBleeding10,7501,4526,2945,0.030757188279,0.032794938320,0.031776063299
173,133_UCR_Anomaly_InternalBleeding14_2800_5607_5634.txt,InternalBleeding14,7501,5607,1867,0.030394610171,0.032410090267,0.031402350219
174,139_UCR_Anomaly_InternalBleeding20_2700_5759_5919.txt,InternalBleeding20,7500,5759,1581,0.030363944030,0.252390631660,0.141377287845
175,224_UCR_Anomaly_mit14046longtermecg_76123_191200_191700.txt,mit14046longtermecg,199753,191200,8053,0.030086498591,0.036438616960,0.033262557776
176,233_UCR_Anomaly_mit14157longtermecg_18913_24500_24501.txt,mit14157longtermecg,92710,24500,68209,0.029686598794,0.056537631075,0.043112114934
177,104_UCR_Anomaly_NOISEapneaecg4_6000_16000_16100.txt,NOISEapneaecg4,38269,16000,22169,0.029671211329,0.049925912658,0.039798561994
178,022_UCR_Anomaly_DISTORTEDGP711MarkerLFM5z4_4000_6527_6645.txt,DISTORTEDGP711MarkerLFM5z4,12000,6527,5355,0.029615795801,0.057731980168,0.043673887985
179,082_UCR_Anomaly_DISTORTEDresperation4_70000_128430_128431.txt,DISTORTEDresperation4,195250,128430,66819,0.029559161543,0.018675875582,0.024117518562
180,134_UCR_Anomaly_InternalBleeding15_1700_5684_5854.txt,InternalBleeding15,7601,5684,1747,0.028948160640,0.027330492603,0.028139326621
181,013_UCR_Anomaly_DISTORTEDECG3_15000_16000_16100.txt,DISTORTEDECG3,30000,16000,13900,0.028831195827,0.020637141777,0.024734168802
182,055_UCR_Anomaly_DISTORTEDapneaecg2_10000_20950_21100.txt,DISTORTEDapneaecg2,38501,20950,17401,0.027910243076,0.052542905460,0.040226574268
183,150_UCR_Anomaly_Lab2Cmac011215EPG6_7000_12190_12420.txt,Lab2Cmac011215EPG6,29859,12190,17439,0.027731834664,0.018185700561,0.022958767613
184,068_UCR_Anomaly_DISTORTEDinsectEPG4_1300_6508_6558.txt,DISTORTEDinsectEPG4,9998,6508,3440,0.027667707041,0.031251362406,0.029459534724
185,042_UCR_Anomaly_DISTORTEDLab2Cmac011215EPG6_7000_12190_12420.txt,DISTORTEDLab2Cmac011215EPG6,29859,12190,17439,0.027353488352,0.016657052013,0.022005270182
186,110_UCR_Anomaly_2sddb40_35000_56600_56900.txt,2sddb40,80001,56600,23101,0.027182616909,0.047206022836,0.037194319873
187,058_UCR_Anomaly_DISTORTEDapneaecg_10000_12240_12308.txt,DISTORTEDapneaecg,38501,12240,26193,0.026549717767,0.047096423387,0.036823070577
188,120_UCR_Anomaly_ECG2_15000_16000_16100.txt,ECG2,30000,16000,13900,0.026395858321,0.010865781400,0.018630819861
189,234_UCR_Anomaly_mit14157longtermecg_18913_24600_24601.txt,mit14157longtermecg,98710,24600,74109,0.026131780312,0.025559107293,0.025845443803
190,145_UCR_Anomaly_Lab2Cmac011215EPG1_5000_17210_17260.txt,Lab2Cmac011215EPG1,30001,17210,12741,0.026078917112,0.019587571088,0.022833244100
191,014_UCR_Anomaly_DISTORTEDECG3_8000_17000_17100.txt,DISTORTEDECG3,30000,17000,12900,0.025732851449,0.013163058696,0.019447955073
192,148_UCR_Anomaly_Lab2Cmac011215EPG4_6000_17390_17520.txt,Lab2Cmac011215EPG4,30066,17390,12546,0.024871877381,0.018643375343,0.021757626362
193,060_UCR_Anomaly_DISTORTEDgait2_22000_46500_46800.txt,DISTORTEDgait2,65000,46500,18200,0.024751253284,0.022261335122,0.023506294203
194,143_UCR_Anomaly_InternalBleeding8_2500_5865_5974.txt,InternalBleeding8,7501,5865,1527,0.024508504168,0.022613701509,0.023561102838
195,099_UCR_Anomaly_NOISEInternalBleeding6_1500_3474_3629.txt,NOISEInternalBleeding6,7654,3474,4025,0.024437079969,0.024625526170,0.024531303069
196,149_UCR_Anomaly_Lab2Cmac011215EPG5_7000_17390_17520.txt,Lab2Cmac011215EPG5,29826,17390,12306,0.024367755532,0.018310166949,0.021338961241
197,127_UCR_Anomaly_GP711MarkerLFM5z1_5000_6168_6212.txt,GP711MarkerLFM5z1,12000,6168,5788,0.024204267006,0.024206338399,0.024205302703
198,142_UCR_Anomaly_InternalBleeding6_1500_3474_3629.txt,InternalBleeding6,7654,3474,4025,0.023866631526,0.021870689055,0.022868660291
199,129_UCR_Anomaly_GP711MarkerLFM5z3_5000_5948_5993.txt,GP711MarkerLFM5z3,12000,5948,6007,0.023672785012,0.024076716897,0.023874750955
200,130_UCR_Anomaly_GP711MarkerLFM5z4_4000_6527_6645.txt,GP711MarkerLFM5z4,12000,6527,5355,0.023614191108,0.023524776757,0.023569483932
201,101_UCR_Anomaly_NOISELab2Cmac011215EPG4_6000_17390_17520.txt,NOISELab2Cmac011215EPG4,30066,17390,12546,0.022906091701,0.013939807216,0.018422949459
202,076_UCR_Anomaly_DISTORTEDresperation10_48000_130700_131880.txt,DISTORTEDresperation10,195000,130700,63120,0.022706053781,0.021612233108,0.022159143445
203,138_UCR_Anomaly_InternalBleeding19_3000_4187_4197.txt,InternalBleeding19,7500,4187,3303,0.022612927457,0.121808352064,0.072210639761
204,135_UCR_Anomaly_InternalBleeding16_1200_4187_4199.txt,InternalBleeding16,7501,4187,3302,0.022572661283,0.121807711119,0.072190186201
205,063_UCR_Anomaly_DISTORTEDgaitHunt2_18500_31200_31850.txt,DISTORTEDgaitHunt2,64000,31200,32150,0.022321202876,0.026889967084,0.024605584980
206,136_UCR_Anomaly_InternalBleeding17_1600_3198_3309.txt,InternalBleeding17,7500,3198,4191,0.022240124864,0.098912383259,0.060576254061
207,137_UCR_Anomaly_InternalBleeding18_2300_4485_4587.txt,InternalBleeding18,7500,4485,2913,0.022045486093,0.136651664102,0.079348575097
208,019_UCR_Anomaly_DISTORTEDGP711MarkerLFM5z1_5000_6168_6212.txt,DISTORTEDGP711MarkerLFM5z1,12000,6168,5788,0.021961068856,0.081630858521,0.051795963688
209,020_UCR_Anomaly_DISTORTEDGP711MarkerLFM5z2_5000_7175_7388.txt,DISTORTEDGP711MarkerLFM5z2,12000,7175,4612,0.021905120377,0.153828355992,0.087866738185
210,109_UCR_Anomaly_1sddb40_35000_52000_52620.txt,1sddb40,79795,52000,27175,0.021559768603,0.037332166445,0.029445967524
211,096_UCR_Anomaly_NOISEECG4_5000_16900_17100.txt,NOISEECG4,30000,16900,12900,0.020486093201,0.007647304417,0.014066698809
212,016_UCR_Anomaly_DISTORTEDECG4_5000_16900_17100.txt,DISTORTEDECG4,30000,16900,12900,0.020467666992,0.020413117122,0.020440392057
213,064_UCR_Anomaly_DISTORTEDgaitHunt3_23400_38400_39200.txt,DISTORTEDgaitHunt3,64000,38400,24800,0.020351643148,0.017558624285,0.018955133716
214,141_UCR_Anomaly_InternalBleeding5_4000_6200_6370.txt,InternalBleeding5,7415,6200,1045,0.020006337542,0.020361955454,0.020184146498
215,057_UCR_Anomaly_DISTORTEDapneaecg4_6000_16000_16100.txt,DISTORTEDapneaecg4,38269,16000,22169,0.019840080023,0.037326880689,0.028583480356
216,001_UCR_Anomaly_DISTORTED1sddb40_35000_52000_52620.txt,DISTORTED1sddb40,79795,52000,27175,0.019782053581,0.033299678735,0.026540866158
217,039_UCR_Anomaly_DISTORTEDLab2Cmac011215EPG3_5000_16390_16420.txt,DISTORTEDLab2Cmac011215EPG3,29950,16390,13530,0.018924836921,0.023175036505,0.021049936713
218,106_UCR_Anomaly_NOISEgaitHunt2_18500_31200_31850.txt,NOISEgaitHunt2,64000,31200,32150,0.018394300179,0.017353670745,0.017873985462
219,111_UCR_Anomaly_3sddb40_35000_46600_46900.txt,3sddb40,80000,46600,33100,0.018066161714,0.031555737311,0.024810949512
220,017_UCR_Anomaly_DISTORTEDECG4_5000_17000_17100.txt,DISTORTEDECG4,30000,17000,12900,0.017989144981,0.009902367818,0.013945756399
221,040_UCR_Anomaly_DISTORTEDLab2Cmac011215EPG4_6000_17390_17520.txt,DISTORTEDLab2Cmac011215EPG4,30066,17390,12546,0.017688581771,0.017657911977,0.017673246874
222,121_UCR_Anomaly_ECG3_15000_16000_16100.txt,ECG3,30000,16000,13900,0.017567129074,0.010532507455,0.014049818265
223,002_UCR_Anomaly_DISTORTED2sddb40_35000_56600_56900.txt,DISTORTED2sddb40,80001,56600,23101,0.017501572598,0.029718558422,0.023610065510
224,208_UCR_Anomaly_CHARISten_5130_27929_27989.txt,CHARISten,40870,27929,12881,0.017404768891,0.008159144584,0.012781956737
225,128_UCR_Anomaly_GP711MarkerLFM5z2_5000_7175_7388.txt,GP711MarkerLFM5z2,12000,7175,4612,0.017302184125,0.017358728650,0.017330456387
226,041_UCR_Anomaly_DISTORTEDLab2Cmac011215EPG5_7000_17390_17520.txt,DISTORTEDLab2Cmac011215EPG5,29826,17390,12306,0.016916856795,0.010503722240,0.013710289518
227,011_UCR_Anomaly_DISTORTEDECG1_10000_11800_12100.txt,DISTORTEDECG1,30000,11800,17900,0.016624436154,0.033316041664,0.024970238909
228,018_UCR_Anomaly_DISTORTEDECG4_8000_17000_17100.txt,DISTORTEDECG4,30000,17000,12900,0.016525678489,0.010778511578,0.013652095033
229,235_UCR_Anomaly_mit14157longtermecg_18913_75450_75451.txt,mit14157longtermecg,97300,75450,21849,0.016463882368,0.032294352929,0.024379117648
230,124_UCR_Anomaly_ECG4_5000_16900_17100.txt,ECG4,30000,16900,12900,0.016379249733,0.008990011961,0.012684630847
231,131_UCR_Anomaly_GP711MarkerLFM5z5_5000_8612_8716.txt,GP711MarkerLFM5z5,12000,8612,3284,0.016303636210,0.017916931350,0.017110283780
232,125_UCR_Anomaly_ECG4_5000_17000_17100.txt,ECG4,30000,17000,12900,0.016231030308,0.008922841819,0.012576936063
233,126_UCR_Anomaly_ECG4_8000_17000_17100.txt,ECG4,30000,17000,12900,0.016229663552,0.008921514882,0.012575589217
234,122_UCR_Anomaly_ECG3_8000_17000_17100.txt,ECG3,30000,17000,12900,0.016225312607,0.008917079326,0.012571195966
235,056_UCR_Anomaly_DISTORTEDapneaecg3_5000_11111_11211.txt,DISTORTEDapneaecg3,38379,11111,27168,0.015720471777,0.020978925662,0.018349698720
236,015_UCR_Anomaly_DISTORTEDECG4_5000_16800_17100.txt,DISTORTEDECG4,200000,16800,182900,0.015706938130,0.015752209360,0.015729573745
237,093_UCR_Anomaly_NOISE1sddb40_35000_52000_52620.txt,NOISE1sddb40,79795,52000,27175,0.014850372760,0.029012398910,0.021931385835
238,123_UCR_Anomaly_ECG4_5000_16800_17100.txt,ECG4,200000,16800,182900,0.014684279655,0.026876420901,0.020780350278
239,241_UCR_Anomaly_taichidbS0715Master_250000_837400_839100.txt,taichidbS0715Master,900000,837400,60900,0.013738836185,0.010730759509,0.012234797847
240,012_UCR_Anomaly_DISTORTEDECG2_15000_16000_16100.txt,DISTORTEDECG2,30000,16000,13900,0.013692882159,0.010338789008,0.012015835583
241,140_UCR_Anomaly_InternalBleeding4_1000_4675_5033.txt,InternalBleeding4,7321,4675,2288,0.013455056560,0.013377612646,0.013416334603
242,003_UCR_Anomaly_DISTORTED3sddb40_35000_46600_46900.txt,DISTORTED3sddb40,80000,46600,33100,0.013378861369,0.028615930278,0.020997395823
243,100_UCR_Anomaly_NOISELab2Cmac011215EPG1_5000_17210_17260.txt,NOISELab2Cmac011215EPG1,30001,17210,12741,0.013141837827,0.016830388905,0.014986113366
244,238_UCR_Anomaly_mit14157longtermecg_21311_72600_72780.txt,mit14157longtermecg,99000,72600,26220,0.012339700944,0.006982202984,0.009660951964
245,227_UCR_Anomaly_mit14134longtermecg_11231_29000_29100.txt,mit14134longtermecg,59302,29000,30202,0.011651725783,0.012797409066,0.012224567425
246,097_UCR_Anomaly_NOISEGP711MarkerLFM5z3_5000_5948_5993.txt,NOISEGP711MarkerLFM5z3,12000,5948,6007,0.010146007138,0.018985562763,0.014565784950
247,119_UCR_Anomaly_ECG1_10000_11800_12100.txt,ECG1,30000,11800,17900,0.009949981239,0.035225434253,0.022587707746
248,236_UCR_Anomaly_mit14157longtermecg_19313_46350_46390.txt,mit14157longtermecg,97000,46350,50610,0.007815831837,0.017867443452,0.012841637644
249,222_UCR_Anomaly_mit14046longtermecg_56123_91200_91700.txt,mit14046longtermecg,211502,91200,119802,0.004434054648,0.004874973710,0.004654514179
250,239_UCR_Anomaly_taichidbS0715Master_190037_593450_593514.txt,taichidbS0715Master,897667,593450,304153,0.002935340860,0.002418981056,0.002677160958
