rank,file_name,series_name,total_length,train_length,test_length,ks_statistic,p_value,bh_adjusted_p_value,is_significant
1,221_UCR_Anomaly_STAFFIIIDatabase_45616_163632_164852.txt,STAFFIIIDatabase,298340,163632,133488,0.081219368695,0.000000000000e+00,0.000000000000e+00,yes
2,213_UCR_Anomaly_STAFFIIIDatabase_33211_126920_127370.txt,STAFFIIIDatabase,300000,126920,172630,0.091142438063,0.000000000000e+00,0.000000000000e+00,yes
3,092_UCR_Anomaly_DISTORTEDtiltAPB4_20000_67995_67996.txt,DISTORTEDtiltAPB4,128001,67995,60005,0.140088996309,0.000000000000e+00,0.000000000000e+00,yes
4,200_UCR_Anomaly_tiltAPB4_20000_67995_67996.txt,tiltAPB4,128001,67995,60005,0.148166484570,0.000000000000e+00,0.000000000000e+00,yes
5,215_UCR_Anomaly_STAFFIIIDatabase_36276_106720_107370.txt,STAFFIIIDatabase,299990,106720,192620,0.157117694462,0.000000000000e+00,0.000000000000e+00,yes
6,220_UCR_Anomaly_STAFFIIIDatabase_43217_250720_251370.txt,STAFFIIIDatabase,299790,250720,48420,0.158963554645,0.000000000000e+00,0.000000000000e+00,yes
7,167_UCR_Anomaly_gait1_20000_38500_38800.txt,gait1,65000,38500,26200,0.159887974621,0.000000000000e+00,0.000000000000e+00,yes
8,219_UCR_Anomaly_STAFFIIIDatabase_41612_64632_64852.txt,STAFFIIIDatabase,299840,64632,234988,0.183258766263,0.000000000000e+00,0.000000000000e+00,yes
9,217_UCR_Anomaly_STAFFIIIDatabase_38211_150720_151370.txt,STAFFIIIDatabase,299690,150720,148320,0.187613457561,0.000000000000e+00,0.000000000000e+00,yes
10,214_UCR_Anomaly_STAFFIIIDatabase_34211_125720_126370.txt,STAFFIIIDatabase,299690,125720,173320,0.236889898675,0.000000000000e+00,0.000000000000e+00,yes
11,247_UCR_Anomaly_tilt12755mtable_50211_121900_121980.txt,tilt12755mtable,200000,121900,78020,0.248811726406,0.000000000000e+00,0.000000000000e+00,yes
12,205_UCR_Anomaly_CHARISfive_9812_28995_29085.txt,CHARISfive,39870,28995,10785,0.255826468570,0.000000000000e+00,0.000000000000e+00,yes
13,216_UCR_Anomaly_STAFFIIIDatabase_37216_160720_161370.txt,STAFFIIIDatabase,299890,160720,138520,0.301098268519,0.000000000000e+00,0.000000000000e+00,yes
14,245_UCR_Anomaly_tilt12754table_100211_270800_271070.txt,tilt12754table,298747,270800,27677,0.310445408468,0.000000000000e+00,0.000000000000e+00,yes
15,204_UCR_Anomaly_CHARISfive_12412_15000_15070.txt,CHARISfive,41999,15000,26929,0.332451679107,0.000000000000e+00,0.000000000000e+00,yes
16,202_UCR_Anomaly_CHARISfive_10411_10998_11028.txt,CHARISfive,41790,10998,30762,0.443184520703,0.000000000000e+00,0.000000000000e+00,yes
17,246_UCR_Anomaly_tilt12755mtable_100211_270800_271070.txt,tilt12755mtable,299867,270800,28797,0.459527654848,0.000000000000e+00,0.000000000000e+00,yes
18,102_UCR_Anomaly_NOISEMesoplodonDensirostris_10000_19280_19440.txt,NOISEMesoplodonDensirostris,24667,19280,5227,0.507478494999,0.000000000000e+00,0.000000000000e+00,yes
19,043_UCR_Anomaly_DISTORTEDMesoplodonDensirostris_10000_19280_19440.txt,DISTORTEDMesoplodonDensirostris,24667,19280,5227,0.514281535309,0.000000000000e+00,0.000000000000e+00,yes
20,151_UCR_Anomaly_MesoplodonDensirostris_10000_19280_19440.txt,MesoplodonDensirostris,24667,19280,5227,0.522124658750,0.000000000000e+00,0.000000000000e+00,yes
21,242_UCR_Anomaly_tilt12744mtable_100000_104630_104890.txt,tilt12744mtable,286667,104630,181777,0.064716424561,3.018809140659e-242,3.593820405546e-241,yes
22,156_UCR_Anomaly_TkeepFifthMARS_3500_5988_6085.txt,TkeepFifthMARS,11334,5988,5249,0.300092787340,9.922878257439e-223,1.127599801982e-221,yes
23,158_UCR_Anomaly_TkeepForthMARS_3500_5988_6085.txt,TkeepForthMARS,11308,5988,5223,0.300013102982,5.062619601469e-222,5.502847392901e-221,yes
24,168_UCR_Anomaly_gait2_22000_46500_46800.txt,gait2,65000,46500,18200,0.135315845445,2.418422942235e-209,2.519190564828e-208,yes
25,226_UCR_Anomaly_mit14046longtermecg_96123_123000_123300.txt,mit14046longtermecg,190001,123000,66701,0.064857891113,1.309801394752e-158,1.309801394752e-157,yes
26,182_UCR_Anomaly_qtdbSel1005V_4000_12400_12800.txt,qtdbSel1005V,36001,12400,23201,0.145092056655,6.315115980368e-149,6.072226904200e-148,yes
27,160_UCR_Anomaly_TkeepThirdMARS_3500_4711_4809.txt,TkeepThirdMARS,11308,4711,6499,0.237921651418,4.244275836013e-136,3.929885033345e-135,yes
28,225_UCR_Anomaly_mit14046longtermecg_81214_143000_143300.txt,mit14046longtermecg,199999,143000,56699,0.061539699828,4.128528522388e-134,3.686186180704e-133,yes
29,223_UCR_Anomaly_mit14046longtermecg_74123_131200_131700.txt,mit14046longtermecg,180386,131200,48686,0.065537291671,4.812907059818e-133,4.149057810188e-132,yes
30,159_UCR_Anomaly_TkeepSecondMARS_3500_9330_9340.txt,TkeepSecondMARS,11388,9330,2048,0.295450035169,4.969392863889e-130,4.141160719907e-129,yes
31,074_UCR_Anomaly_DISTORTEDqtdbSel1005V_4000_12400_12800.txt,DISTORTEDqtdbSel1005V,36001,12400,23201,0.133426583393,6.434653592302e-126,5.189236767985e-125,yes
32,243_UCR_Anomaly_tilt12744mtable_100000_203355_203400.txt,tilt12744mtable,250001,203355,46601,0.061510214393,3.846074257553e-125,3.004745513713e-124,yes
33,194_UCR_Anomaly_sddb49_20000_67950_68200.txt,sddb49,80000,67950,11800,0.117954253501,2.453616221958e-122,1.858800168150e-121,yes
34,183_UCR_Anomaly_qtdbSel100MLII_4000_13400_13800.txt,qtdbSel100MLII,30000,13400,16200,0.136551501751,9.692301662860e-120,7.126692399162e-119,yes
35,163_UCR_Anomaly_apneaecg2_10000_20950_21100.txt,apneaecg2,38501,20950,17401,0.115439071000,8.131867168980e-111,5.808476549272e-110,yes
36,165_UCR_Anomaly_apneaecg4_6000_16000_16100.txt,apneaecg4,38269,16000,22169,0.115782125378,5.480455404668e-109,3.805871808797e-108,yes
37,050_UCR_Anomaly_DISTORTEDTkeepForthMARS_3500_5988_6085.txt,DISTORTEDTkeepForthMARS,11308,5988,5223,0.207246294235,2.487385625838e-105,1.680665963404e-104,yes
38,075_UCR_Anomaly_DISTORTEDqtdbSel100MLII_4000_13400_13800.txt,DISTORTEDqtdbSel100MLII,30000,13400,16200,0.125448682513,4.605955113998e-101,3.030233627631e-100,yes
39,086_UCR_Anomaly_DISTORTEDsddb49_20000_67950_68200.txt,DISTORTEDsddb49,80000,67950,11800,0.104958344246,6.809262411143e-97,4.364911802015e-96,yes
40,195_UCR_Anomaly_sel840mECG1_17000_51370_51740.txt,sel840mECG1,60000,51370,8260,0.124592296971,9.700179463566e-97,6.062612164728e-96,yes
41,197_UCR_Anomaly_tiltAPB1_100000_114283_114350.txt,tiltAPB1,130001,114283,15651,0.087478010770,4.179703678843e-92,2.548599804173e-91,yes
42,196_UCR_Anomaly_sel840mECG2_20000_49370_49740.txt,sel840mECG2,57001,49370,7261,0.124683891290,3.126759386590e-86,1.861166301542e-85,yes
43,157_UCR_Anomaly_TkeepFirstMARS_3500_5365_5380.txt,TkeepFirstMARS,11406,5365,6026,0.185414121905,9.857915105397e-86,5.731345991510e-85,yes
44,218_UCR_Anomaly_STAFFIIIDatabase_41117_210720_211370.txt,STAFFIIIDatabase,299940,210720,88570,0.039114427508,2.475674849382e-83,1.406633437149e-82,yes
45,048_UCR_Anomaly_DISTORTEDTkeepFifthMARS_3500_5988_6085.txt,DISTORTEDTkeepFifthMARS,11334,5988,5249,0.183848741491,4.448734527517e-83,2.471519181954e-82,yes
46,209_UCR_Anomaly_Fantasia_19000_26970_27270.txt,Fantasia,92000,26970,64730,0.070551168852,7.618506521034e-83,4.140492674475e-82,yes
47,169_UCR_Anomaly_gait3_24500_59900_60500.txt,gait3,65000,59900,4500,0.150054535337,9.538879929464e-83,5.073872302906e-82,yes
48,089_UCR_Anomaly_DISTORTEDtiltAPB1_100000_114283_114350.txt,DISTORTEDtiltAPB1,130001,114283,15651,0.082821901689,1.362143021792e-82,7.094494905165e-82,yes
49,199_UCR_Anomaly_tiltAPB3_40000_114000_114370.txt,tiltAPB3,129489,114000,15119,0.084090030785,1.446582098321e-82,7.380520909802e-82,yes
50,184_UCR_Anomaly_resperation10_48000_130700_131880.txt,resperation10,195000,130700,63120,0.046376259063,5.434073235636e-80,2.717036617818e-79,yes
51,055_UCR_Anomaly_DISTORTEDapneaecg2_10000_20950_21100.txt,DISTORTEDapneaecg2,38501,20950,17401,0.096794047581,5.677039774593e-78,2.782862634605e-77,yes
52,206_UCR_Anomaly_CHARISten_25130_29080_29140.txt,CHARISten,42000,29080,12860,0.099561567703,2.136009815720e-77,1.026927796019e-76,yes
53,104_UCR_Anomaly_NOISEapneaecg4_6000_16000_16100.txt,NOISEapneaecg4,38269,16000,22169,0.097404805133,3.384839270237e-77,1.596622297281e-76,yes
54,164_UCR_Anomaly_apneaecg3_5000_11111_11211.txt,apneaecg3,38379,11111,27168,0.105591442399,5.142221490816e-77,2.380658097600e-76,yes
55,190_UCR_Anomaly_resperation4_70000_128430_128431.txt,resperation4,195250,128430,66819,0.044014822067,1.985227883115e-74,9.023763105068e-74,yes
56,103_UCR_Anomaly_NOISETkeepThirdMARS_3500_4711_4809.txt,NOISETkeepThirdMARS,11308,4711,6499,0.175973548369,2.466621134370e-74,1.101170149272e-73,yes
57,166_UCR_Anomaly_apneaecg_10000_12240_12308.txt,apneaecg,38501,12240,26193,0.099832540201,7.905911563702e-73,3.467505071799e-72,yes
58,088_UCR_Anomaly_DISTORTEDsel840mECG2_20000_49370_49740.txt,DISTORTEDsel840mECG2,57001,49370,7261,0.113345101871,2.703600579590e-71,1.165345077410e-70,yes
59,244_UCR_Anomaly_tilt12754table_100013_104630_104890.txt,tilt12754table,300262,104630,195372,0.034120288090,2.349428508086e-69,9.955205542738e-69,yes
60,211_UCR_Anomaly_Italianpowerdemand_38113_39240_39336.txt,Italianpowerdemand,119580,39240,80244,0.054253300370,7.363105291579e-68,3.067960538158e-67,yes
61,087_UCR_Anomaly_DISTORTEDsel840mECG1_17000_51370_51740.txt,DISTORTEDsel840mECG1,60000,51370,8260,0.101894789782,8.938899218602e-65,3.663483286312e-64,yes
62,239_UCR_Anomaly_taichidbS0715Master_190037_593450_593514.txt,taichidbS0715Master,897667,593450,304153,0.019178204900,1.116180098684e-64,4.500726204371e-64,yes
63,091_UCR_Anomaly_DISTORTEDtiltAPB3_40000_114000_114370.txt,DISTORTEDtiltAPB3,129489,114000,15119,0.074269397284,1.760770229371e-64,6.987183449886e-64,yes
64,191_UCR_Anomaly_resperation9_38000_143411_143511.txt,resperation9,195000,143411,51489,0.040942978458,1.270440844374e-55,4.962659548337e-55,yes
65,058_UCR_Anomaly_DISTORTEDapneaecg_10000_12240_12308.txt,DISTORTEDapneaecg,38501,12240,26193,0.085125497532,4.869361604553e-53,1.872831386367e-52,yes
66,049_UCR_Anomaly_DISTORTEDTkeepFirstMARS_3500_5365_5380.txt,DISTORTEDTkeepFirstMARS,11406,5365,6026,0.141622617616,4.356669195590e-50,1.650253483178e-49,yes
67,146_UCR_Anomaly_Lab2Cmac011215EPG2_5000_27862_27932.txt,Lab2Cmac011215EPG2,29950,27862,2018,0.171384785513,8.377767781273e-49,3.126032754206e-48,yes
68,171_UCR_Anomaly_gaitHunt2_18500_31200_31850.txt,gaitHunt2,64000,31200,32150,0.058416726482,2.070079623679e-47,7.610586851760e-47,yes
69,240_UCR_Anomaly_taichidbS0715Master_240030_884100_884200.txt,taichidbS0715Master,900000,884100,15800,0.058806058940,4.189062234310e-47,1.517776171851e-46,yes
70,004_UCR_Anomaly_DISTORTEDBIDMC1_2500_5400_5600.txt,DISTORTEDBIDMC1,11000,5400,5400,0.140740740741,4.981538817469e-47,1.779121006239e-46,yes
71,057_UCR_Anomaly_DISTORTEDapneaecg4_6000_16000_16100.txt,DISTORTEDapneaecg4,38269,16000,22169,0.074787504511,1.194532839949e-45,4.206101549118e-45,yes
72,186_UCR_Anomaly_resperation1_100000_110260_110412.txt,resperation1,200000,110260,89588,0.032288376560,3.337898963734e-45,1.158992695741e-44,yes
73,053_UCR_Anomaly_DISTORTEDWalkingAceleration1_1500_2764_2995.txt,DISTORTEDWalkingAceleration1,6684,2764,3689,0.178799450316,1.332585816456e-44,4.563650056355e-44,yes
74,170_UCR_Anomaly_gaitHunt1_18500_33070_33180.txt,gaitHunt1,64000,33070,30820,0.055655447013,2.161171911444e-43,7.301256457582e-43,yes
75,210_UCR_Anomaly_Italianpowerdemand_36123_74900_74996.txt,Italianpowerdemand,119819,74900,44823,0.041965434015,2.384539425457e-43,7.948464751523e-43,yes
76,224_UCR_Anomaly_mit14046longtermecg_76123_191200_191700.txt,mit14046longtermecg,199753,191200,8053,0.079724677048,3.582087454716e-43,1.178318241683e-42,yes
77,185_UCR_Anomaly_resperation11_58000_110800_110801.txt,resperation11,195000,110800,84199,0.031358385732,2.625885691424e-41,8.525602894234e-41,yes
78,189_UCR_Anomaly_resperation3_45000_158250_158251.txt,resperation3,190100,158250,31849,0.041833598184,9.372117153650e-41,3.003883703093e-40,yes
79,038_UCR_Anomaly_DISTORTEDLab2Cmac011215EPG2_5000_27862_27932.txt,DISTORTEDLab2Cmac011215EPG2,29950,27862,2018,0.156388249065,1.148355297883e-40,3.634035752793e-40,yes
80,241_UCR_Anomaly_taichidbS0715Master_250000_837400_839100.txt,taichidbS0715Master,900000,837400,60900,0.028501815573,1.690472203316e-40,5.282725635363e-40,yes
81,155_UCR_Anomaly_PowerDemand4_18000_24005_24077.txt,PowerDemand4,29931,24005,5854,0.098586140414,2.883476868061e-40,8.899619963153e-40,yes
82,230_UCR_Anomaly_mit14134longtermecg_19363_19510_19610.txt,mit14134longtermecg,59000,19510,39390,0.059141424926,4.101556627324e-40,1.250474581501e-39,yes
83,076_UCR_Anomaly_DISTORTEDresperation10_48000_130700_131880.txt,DISTORTEDresperation10,195000,130700,63120,0.032663131544,6.905536255172e-40,2.079980799750e-39,yes
84,112_UCR_Anomaly_BIDMC1_2500_5400_5600.txt,BIDMC1,11000,5400,5400,0.128518518519,2.895835832893e-39,8.618559026468e-39,yes
85,172_UCR_Anomaly_gaitHunt3_23400_38400_39200.txt,gaitHunt3,64000,38400,24800,0.053597950269,4.611910559065e-38,1.356444282078e-37,yes
86,052_UCR_Anomaly_DISTORTEDTkeepThirdMARS_3500_4711_4809.txt,DISTORTEDTkeepThirdMARS,11308,4711,6499,0.124902516720,1.414240279015e-37,4.111163601788e-37,yes
87,161_UCR_Anomaly_WalkingAceleration1_1500_2764_2995.txt,WalkingAceleration1,6684,2764,3689,0.163583583847,2.249455059635e-37,6.463951320789e-37,yes
88,046_UCR_Anomaly_DISTORTEDPowerDemand3_16000_23405_23477.txt,DISTORTEDPowerDemand3,29931,23405,6454,0.090713316867,1.123285045631e-36,3.191150697817e-36,yes
89,153_UCR_Anomaly_PowerDemand2_14000_23357_23717.txt,PowerDemand2,29931,23357,6214,0.091603924085,2.733672630092e-36,7.678855702506e-36,yes
90,181_UCR_Anomaly_park3m_60000_72150_72495.txt,park3m,90000,72150,17505,0.053699441977,9.546042446094e-36,2.651678457248e-35,yes
91,235_UCR_Anomaly_mit14157longtermecg_18913_75450_75451.txt,mit14157longtermecg,97300,75450,21849,0.048720122853,2.173154948469e-35,5.970205902387e-35,yes
92,047_UCR_Anomaly_DISTORTEDPowerDemand4_18000_24005_24077.txt,DISTORTEDPowerDemand4,29931,24005,5854,0.091718884440,6.688018443005e-35,1.817396316034e-34,yes
93,078_UCR_Anomaly_DISTORTEDresperation1_100000_110260_110412.txt,DISTORTEDresperation1,200000,110260,89588,0.028090744060,2.570966806881e-34,6.911201093767e-34,yes
94,154_UCR_Anomaly_PowerDemand3_16000_23405_23477.txt,PowerDemand3,29931,23405,6454,0.087440388778,4.193837867344e-34,1.115382411528e-33,yes
95,233_UCR_Anomaly_mit14157longtermecg_18913_24500_24501.txt,mit14157longtermecg,92710,24500,68209,0.046168735289,7.943030558216e-34,2.090271199531e-33,yes
96,117_UCR_Anomaly_CIMIS44AirTemperature5_4000_4852_4900.txt,CIMIS44AirTemperature5,8184,4852,3284,0.136477743648,2.942260821051e-32,7.662137554819e-32,yes
97,106_UCR_Anomaly_NOISEgaitHunt2_18500_31200_31850.txt,NOISEgaitHunt2,64000,31200,32150,0.047686226423,9.937905302215e-32,2.561315799540e-31,yes
98,077_UCR_Anomaly_DISTORTEDresperation11_58000_110800_110801.txt,DISTORTEDresperation11,195000,110800,84199,0.027290648855,2.178520425299e-31,5.557450064539e-31,yes
99,234_UCR_Anomaly_mit14157longtermecg_18913_24600_24601.txt,mit14157longtermecg,98710,24600,74109,0.042482587448,2.115337884495e-29,5.341762334583e-29,yes
100,045_UCR_Anomaly_DISTORTEDPowerDemand2_14000_23357_23717.txt,DISTORTEDPowerDemand2,29931,23357,6214,0.082282349811,2.357760814454e-29,5.880159142134e-29,yes
101,147_UCR_Anomaly_Lab2Cmac011215EPG3_5000_16390_16420.txt,Lab2Cmac011215EPG3,29950,16390,13530,0.066974210926,2.375584293422e-29,5.880159142134e-29,yes
102,064_UCR_Anomaly_DISTORTEDgaitHunt3_23400_38400_39200.txt,DISTORTEDgaitHunt3,64000,38400,24800,0.046885080645,3.190367095501e-29,7.819527194856e-29,yes
103,062_UCR_Anomaly_DISTORTEDgaitHunt1_18500_33070_33180.txt,DISTORTEDgaitHunt1,64000,33070,30820,0.045124563219,1.149205003222e-28,2.789332532092e-28,yes
104,056_UCR_Anomaly_DISTORTEDapneaecg3_5000_11111_11211.txt,DISTORTEDapneaecg3,38379,11111,27168,0.062984016545,1.221509913947e-27,2.936321908527e-27,yes
105,039_UCR_Anomaly_DISTORTEDLab2Cmac011215EPG3_5000_16390_16420.txt,DISTORTEDLab2Cmac011215EPG3,29950,16390,13530,0.064919120820,1.332701844393e-27,3.173099629507e-27,yes
106,094_UCR_Anomaly_NOISEBIDMC1_2500_5400_5600.txt,NOISEBIDMC1,11000,5400,5400,0.106481481481,4.597738751343e-27,1.084372347015e-26,yes
107,009_UCR_Anomaly_DISTORTEDCIMIS44AirTemperature5_4000_4852_4900.txt,DISTORTEDCIMIS44AirTemperature5,8184,4852,3284,0.124464665675,6.855695151074e-27,1.601797932494e-26,yes
108,187_UCR_Anomaly_resperation2_30000_168250_168250.txt,resperation2,200051,168250,31801,0.033493768945,1.672777070814e-26,3.872169145403e-26,yes
109,082_UCR_Anomaly_DISTORTEDresperation4_70000_128430_128431.txt,DISTORTEDresperation4,195250,128430,66819,0.025363209397,5.392922158637e-25,1.236908751981e-24,yes
110,083_UCR_Anomaly_DISTORTEDresperation9_38000_143411_143511.txt,DISTORTEDresperation9,195000,143411,51489,0.027227096203,7.832689346791e-25,1.780156669725e-24,yes
111,231_UCR_Anomaly_mit14134longtermecg_8763_47530_47790.txt,mit14134longtermecg,59000,47530,11210,0.055360162219,1.324495876484e-24,2.983098820910e-24,yes
112,188_UCR_Anomaly_resperation2_30000_168250_168251.txt,resperation2,190050,168250,21799,0.036818395980,3.631513703241e-23,8.106057373305e-23,yes
113,051_UCR_Anomaly_DISTORTEDTkeepSecondMARS_3500_9330_9340.txt,DISTORTEDTkeepSecondMARS,11388,9330,2048,0.124090321041,5.444883222824e-23,1.204620182041e-22,yes
114,061_UCR_Anomaly_DISTORTEDgait3_24500_59900_60500.txt,DISTORTEDgait3,65000,59900,4500,0.077013912076,4.855169338662e-22,1.064730118128e-21,yes
115,081_UCR_Anomaly_DISTORTEDresperation3_45000_158250_158251.txt,DISTORTEDresperation3,190100,158250,31849,0.029953963948,4.226276805848e-21,9.187558273583e-21,yes
116,042_UCR_Anomaly_DISTORTEDLab2Cmac011215EPG6_7000_12190_12420.txt,DISTORTEDLab2Cmac011215EPG6,29859,12190,17439,0.057092932068,9.038939751650e-21,1.948047360269e-20,yes
117,203_UCR_Anomaly_CHARISfive_10500_10995_11028.txt,CHARISfive,41612,10995,30584,0.053628337590,1.171649863359e-20,2.503525349057e-20,yes
118,108_UCR_Anomaly_NOISEresperation2_30000_168250_168250.txt,NOISEresperation2,200051,168250,31801,0.029142004328,3.628400450368e-20,7.687289089763e-20,yes
119,150_UCR_Anomaly_Lab2Cmac011215EPG6_7000_12190_12420.txt,Lab2Cmac011215EPG6,29859,12190,17439,0.056141527145,4.253341395975e-20,8.935591168015e-20,yes
120,016_UCR_Anomaly_DISTORTEDECG4_5000_16900_17100.txt,DISTORTEDECG4,30000,16900,12900,0.055292876474,6.989610429090e-20,1.456168839394e-19,yes
121,059_UCR_Anomaly_DISTORTEDgait1_20000_38500_38800.txt,DISTORTEDgait1,65000,38500,26200,0.037813522356,8.355965673235e-20,1.726439188685e-19,yes
122,100_UCR_Anomaly_NOISELab2Cmac011215EPG1_5000_17210_17260.txt,NOISELab2Cmac011215EPG1,30001,17210,12741,0.054352451955,3.076009828954e-19,6.303298829823e-19,yes
123,060_UCR_Anomaly_DISTORTEDgait2_22000_46500_46800.txt,DISTORTEDgait2,65000,46500,18200,0.040653432589,3.206938232006e-19,6.518167138224e-19,yes
124,013_UCR_Anomaly_DISTORTEDECG3_15000_16000_16100.txt,DISTORTEDECG3,30000,16000,13900,0.053529676259,5.780879750794e-19,1.165499949757e-18,yes
125,005_UCR_Anomaly_DISTORTEDCIMIS44AirTemperature1_4000_5391_5392.txt,DISTORTEDCIMIS44AirTemperature1,8184,5391,2792,0.106718376537,1.077363913539e-18,2.154727827077e-18,yes
126,037_UCR_Anomaly_DISTORTEDLab2Cmac011215EPG1_5000_17210_17260.txt,DISTORTEDLab2Cmac011215EPG1,30001,17210,12741,0.053494638478,1.194712878513e-18,2.370462060541e-18,yes
127,145_UCR_Anomaly_Lab2Cmac011215EPG1_5000_17210_17260.txt,Lab2Cmac011215EPG1,30001,17210,12741,0.053395633864,1.395308284417e-18,2.746669851215e-18,yes
128,070_UCR_Anomaly_DISTORTEDltstdbs30791AI_17555_52600_52800.txt,DISTORTEDltstdbs30791AI,56123,52600,3323,0.080705796334,3.697239106284e-18,7.221170129460e-18,yes
129,201_UCR_Anomaly_CHARISfive_10000_17001_17016.txt,CHARISfive,41347,17001,24331,0.045047682924,4.366014025455e-18,8.461267491192e-18,yes
130,110_UCR_Anomaly_2sddb40_35000_56600_56900.txt,2sddb40,80001,56600,23101,0.034633527406,1.566828888936e-17,3.013132478722e-17,yes
131,207_UCR_Anomaly_CHARISten_3165_26929_26989.txt,CHARISten,39870,26929,12881,0.047211682701,2.574786754240e-17,4.913715179846e-17,yes
132,080_UCR_Anomaly_DISTORTEDresperation2_30000_168250_168251.txt,DISTORTEDresperation2,190050,168250,21799,0.031683248417,2.892153827287e-17,5.477564066831e-17,yes
133,101_UCR_Anomaly_NOISELab2Cmac011215EPG4_6000_17390_17520.txt,NOISELab2Cmac011215EPG4,30066,17390,12546,0.051269389601,4.340090479947e-17,8.158064811930e-17,yes
134,228_UCR_Anomaly_mit14134longtermecg_11361_47830_47850.txt,mit14134longtermecg,59000,47830,11150,0.045418461686,1.201619525725e-16,2.241827473368e-16,yes
135,148_UCR_Anomaly_Lab2Cmac011215EPG4_6000_17390_17520.txt,Lab2Cmac011215EPG4,30066,17390,12546,0.049702316866,4.372198941065e-16,8.096664705675e-16,yes
136,222_UCR_Anomaly_mit14046longtermecg_56123_91200_91700.txt,mit14046longtermecg,211502,91200,119802,0.018622170111,4.981383253510e-16,9.156954510129e-16,yes
137,149_UCR_Anomaly_Lab2Cmac011215EPG5_7000_17390_17520.txt,Lab2Cmac011215EPG5,29826,17390,12306,0.047453917812,1.534814586300e-14,2.800756544342e-14,yes
138,113_UCR_Anomaly_CIMIS44AirTemperature1_4000_5391_5392.txt,CIMIS44AirTemperature1,8184,5391,2792,0.092945687363,2.790140443330e-14,5.054602252409e-14,yes
139,063_UCR_Anomaly_DISTORTEDgaitHunt2_18500_31200_31850.txt,DISTORTEDgaitHunt2,64000,31200,32150,0.031691938828,2.988805553144e-14,5.375549556015e-14,yes
140,008_UCR_Anomaly_DISTORTEDCIMIS44AirTemperature4_4000_5549_5597.txt,DISTORTEDCIMIS44AirTemperature4,8184,5549,2587,0.093944847963,5.272114259362e-14,9.414489748860e-14,yes
141,178_UCR_Anomaly_ltstdbs30791AI_17555_52600_52800.txt,ltstdbs30791AI,56123,52600,3323,0.070244745403,7.398847622418e-14,1.311852415322e-13,yes
142,116_UCR_Anomaly_CIMIS44AirTemperature4_4000_5549_5597.txt,CIMIS44AirTemperature4,8184,5549,2587,0.093328836957,7.934120453506e-14,1.396852192519e-13,yes
143,001_UCR_Anomaly_DISTORTED1sddb40_35000_52000_52620.txt,DISTORTED1sddb40,79795,52000,27175,0.029164408039,1.271574711851e-13,2.223032713026e-13,yes
144,095_UCR_Anomaly_NOISECIMIS44AirTemperature4_4000_5549_5597.txt,NOISECIMIS44AirTemperature4,8184,5549,2587,0.092024994596,1.868330572940e-13,3.243629466909e-13,yes
145,054_UCR_Anomaly_DISTORTEDWalkingAceleration5_2700_5920_5979.txt,DISTORTEDWalkingAceleration5,6684,5920,705,0.152975848189,2.459140042912e-13,4.227077811571e-13,yes
146,022_UCR_Anomaly_DISTORTEDGP711MarkerLFM5z4_4000_6527_6645.txt,DISTORTEDGP711MarkerLFM5z4,12000,6527,5355,0.070977482459,2.468613441957e-13,4.227077811571e-13,yes
147,040_UCR_Anomaly_DISTORTEDLab2Cmac011215EPG4_6000_17390_17520.txt,DISTORTEDLab2Cmac011215EPG4,30066,17390,12546,0.044774592352,3.909083437859e-13,6.648101084793e-13,yes
148,105_UCR_Anomaly_NOISEgait3_24500_59900_60500.txt,NOISEgait3,65000,59900,4500,0.058857725839,4.778359973550e-13,8.071554009376e-13,yes
149,118_UCR_Anomaly_CIMIS44AirTemperature6_4000_6006_6054.txt,CIMIS44AirTemperature6,8184,6006,2130,0.095706640777,5.478286098514e-13,9.191755198849e-13,yes
150,129_UCR_Anomaly_GP711MarkerLFM5z3_5000_5948_5993.txt,GP711MarkerLFM5z3,12000,5948,6007,0.068841283466,9.145761040117e-13,1.524293506686e-12,yes
151,162_UCR_Anomaly_WalkingAceleration5_2700_5920_5979.txt,WalkingAceleration5,6684,5920,705,0.148713341001,1.265036567130e-12,2.094431402533e-12,yes
152,010_UCR_Anomaly_DISTORTEDCIMIS44AirTemperature6_4000_6006_6054.txt,DISTORTEDCIMIS44AirTemperature6,8184,6006,2130,0.093525723103,2.017411049862e-12,3.318110279378e-12,yes
153,006_UCR_Anomaly_DISTORTEDCIMIS44AirTemperature2_4000_5703_5727.txt,DISTORTEDCIMIS44AirTemperature2,8184,5703,2457,0.087325887431,7.617143515928e-12,1.244631293452e-11,yes
154,111_UCR_Anomaly_3sddb40_35000_46600_46900.txt,3sddb40,80000,46600,33100,0.025463934235,2.469070340662e-11,4.008231072503e-11,yes
155,023_UCR_Anomaly_DISTORTEDGP711MarkerLFM5z5_5000_8612_8716.txt,DISTORTEDGP711MarkerLFM5z5,12000,8612,3284,0.072506962780,2.570324859962e-11,4.145685258003e-11,yes
156,079_UCR_Anomaly_DISTORTEDresperation2_30000_168250_168250.txt,DISTORTEDresperation2,200051,168250,31801,0.021572308813,3.039075178712e-11,4.870312786398e-11,yes
157,152_UCR_Anomaly_PowerDemand1_9000_18485_18821.txt,PowerDemand1,29931,18485,11110,0.042042822080,4.279959115306e-11,6.815221521189e-11,yes
158,114_UCR_Anomaly_CIMIS44AirTemperature2_4000_5703_5727.txt,CIMIS44AirTemperature2,8184,5703,2457,0.083000464379,9.657467118763e-11,1.528080240311e-10,yes
159,002_UCR_Anomaly_DISTORTED2sddb40_35000_56600_56900.txt,DISTORTED2sddb40,80001,56600,23101,0.026773961417,1.194861958999e-10,1.878713772011e-10,yes
160,127_UCR_Anomaly_GP711MarkerLFM5z1_5000_6168_6212.txt,GP711MarkerLFM5z1,12000,6168,5788,0.062324595724,1.571312548791e-10,2.455175857485e-10,yes
161,033_UCR_Anomaly_DISTORTEDInternalBleeding5_4000_6200_6370.txt,DISTORTEDInternalBleeding5,7415,6200,1045,0.111585892885,3.728327226937e-10,5.789327992139e-10,yes
162,176_UCR_Anomaly_insectEPG4_1300_6508_6558.txt,insectEPG4,9998,6508,3440,0.068936264490,9.544550270023e-10,1.472924424386e-09,yes
163,073_UCR_Anomaly_DISTORTEDpark3m_60000_72150_72495.txt,DISTORTEDpark3m,90000,72150,17505,0.027359988028,1.356367861461e-09,2.080318805922e-09,yes
164,109_UCR_Anomaly_1sddb40_35000_52000_52620.txt,1sddb40,79795,52000,27175,0.024166354115,1.734876368617e-09,2.644628610697e-09,yes
165,003_UCR_Anomaly_DISTORTED3sddb40_35000_46600_46900.txt,DISTORTED3sddb40,80000,46600,33100,0.022951907991,2.742908835401e-09,4.155922477881e-09,yes
166,237_UCR_Anomaly_mit14157longtermecg_19313_89560_90370.txt,mit14157longtermecg,97000,89560,6630,0.038734483383,1.748979356600e-08,2.634005055120e-08,yes
167,011_UCR_Anomaly_DISTORTEDECG1_10000_11800_12100.txt,DISTORTEDECG1,30000,11800,17900,0.035767919705,2.430203549592e-08,3.638029265857e-08,yes
168,130_UCR_Anomaly_GP711MarkerLFM5z4_4000_6527_6645.txt,GP711MarkerLFM5z4,12000,6527,5355,0.054956692855,3.631109126012e-08,5.375156756673e-08,yes
169,093_UCR_Anomaly_NOISE1sddb40_35000_52000_52620.txt,NOISE1sddb40,79795,52000,27175,0.022334955063,3.633605967511e-08,5.375156756673e-08,yes
170,015_UCR_Anomaly_DISTORTEDECG4_5000_16800_17100.txt,DISTORTEDECG4,200000,16800,182900,0.023539958083,7.717516899275e-08,1.134928955776e-07,yes
171,192_UCR_Anomaly_s20101mML2_12000_35774_35874.txt,s20101mML2,40000,35774,4126,0.046433227434,2.277679897898e-07,3.329941371196e-07,yes
172,034_UCR_Anomaly_DISTORTEDInternalBleeding6_1500_3474_3629.txt,DISTORTEDInternalBleeding6,7654,3474,4025,0.065146089674,2.503005103226e-07,3.638088812829e-07,yes
173,044_UCR_Anomaly_DISTORTEDPowerDemand1_9000_18485_18821.txt,DISTORTEDPowerDemand1,29931,18485,11110,0.033627163095,2.981195996146e-07,4.308086699633e-07,yes
174,173_UCR_Anomaly_insectEPG1_3000_7000_7030.txt,insectEPG1,10001,7000,2971,0.061189354234,3.106509954325e-07,4.463376371157e-07,yes
175,175_UCR_Anomaly_insectEPG3_5200_7000_7050.txt,insectEPG3,9998,7000,2948,0.060977902694,3.766825305417e-07,5.381179007739e-07,yes
176,180_UCR_Anomaly_ltstdbs30791ES_20000_52600_52800.txt,ltstdbs30791ES,55000,52600,2200,0.060062219150,4.583994467654e-07,6.511355777918e-07,yes
177,198_UCR_Anomaly_tiltAPB2_50000_124159_124985.txt,tiltAPB2,128767,124159,3782,0.045285563343,5.597594223107e-07,7.906206529812e-07,yes
178,030_UCR_Anomaly_DISTORTEDInternalBleeding19_3000_4187_4197.txt,DISTORTEDInternalBleeding19,7500,4187,3303,0.060577117545,2.455156972383e-06,3.448254174695e-06,yes
179,212_UCR_Anomaly_Italianpowerdemand_8913_29480_29504.txt,Italianpowerdemand,29931,29480,427,0.125921436039,2.809622450419e-06,3.924053701703e-06,yes
180,071_UCR_Anomaly_DISTORTEDltstdbs30791AS_23000_52600_52800.txt,DISTORTEDltstdbs30791AS,55000,52600,2200,0.056106118216,3.211016926505e-06,4.459745731257e-06,yes
181,123_UCR_Anomaly_ECG4_5000_16800_17100.txt,ECG4,200000,16800,182900,0.019429463147,1.777134028377e-05,2.454605011571e-05,yes
182,179_UCR_Anomaly_ltstdbs30791AS_23000_52600_52800.txt,ltstdbs30791AS,55000,52600,2200,0.052283097131,1.857039273028e-05,2.550878122291e-05,yes
183,229_UCR_Anomaly_mit14134longtermecg_16363_57960_57970.txt,mit14134longtermecg,59000,57960,1030,0.075183253265,2.020345018261e-05,2.760034177953e-05,yes
184,115_UCR_Anomaly_CIMIS44AirTemperature3_4000_6520_6544.txt,CIMIS44AirTemperature3,8184,6520,1640,0.064361065390,3.643655876943e-05,4.950619398020e-05,yes
185,090_UCR_Anomaly_DISTORTEDtiltAPB2_50000_124159_124985.txt,DISTORTEDtiltAPB2,128767,124159,3782,0.038253379312,4.207793329354e-05,5.663431949888e-05,yes
186,028_UCR_Anomaly_DISTORTEDInternalBleeding17_1600_3198_3309.txt,DISTORTEDInternalBleeding17,7500,3198,4191,0.054351704246,4.213593370717e-05,5.663431949888e-05,yes
187,236_UCR_Anomaly_mit14157longtermecg_19313_46350_46390.txt,mit14157longtermecg,97000,46350,50610,0.014867381697,4.484102330760e-05,5.994789212245e-05,yes
188,085_UCR_Anomaly_DISTORTEDs20101m_10000_35774_35874.txt,DISTORTEDs20101m,40000,35774,4126,0.037905192562,4.704695693184e-05,6.256244272851e-05,yes
189,067_UCR_Anomaly_DISTORTEDinsectEPG3_5200_7000_7050.txt,DISTORTEDinsectEPG3,9998,7000,2948,0.050414809072,5.034225007472e-05,6.659027787661e-05,yes
190,007_UCR_Anomaly_DISTORTEDCIMIS44AirTemperature3_4000_6520_6544.txt,DISTORTEDCIMIS44AirTemperature3,8184,6520,1640,0.063366003292,5.090154189815e-05,6.697571302389e-05,yes
191,017_UCR_Anomaly_DISTORTEDECG4_5000_17000_17100.txt,DISTORTEDECG4,30000,17000,12900,0.026209758322,8.257806374485e-05,1.080864708702e-04,yes
192,227_UCR_Anomaly_mit14134longtermecg_11231_29000_29100.txt,mit14134longtermecg,59302,29000,30202,0.018263476500,1.021747674723e-04,1.330400618129e-04,yes
193,065_UCR_Anomaly_DISTORTEDinsectEPG1_3000_7000_7030.txt,DISTORTEDinsectEPG1,10001,7000,2971,0.048322209934,1.127571557528e-04,1.460584919078e-04,yes
194,084_UCR_Anomaly_DISTORTEDs20101mML2_12000_35774_35874.txt,DISTORTEDs20101mML2,40000,35774,4126,0.036090384942,1.272767622441e-04,1.640164461908e-04,yes
195,027_UCR_Anomaly_DISTORTEDInternalBleeding16_1200_4187_4199.txt,DISTORTEDInternalBleeding16,7501,4187,3302,0.050851710401,1.361706456820e-04,1.745359432319e-04,yes
196,041_UCR_Anomaly_DISTORTEDLab2Cmac011215EPG5_7000_17390_17520.txt,DISTORTEDLab2Cmac011215EPG5,29826,17390,12306,0.025770894706,1.368361794938e-04,1.745359432319e-04,yes
197,026_UCR_Anomaly_DISTORTEDInternalBleeding15_1700_5684_5854.txt,DISTORTEDInternalBleeding15,7601,5684,1747,0.059069795733,1.693176117050e-04,2.148700656155e-04,yes
198,121_UCR_Anomaly_ECG3_15000_16000_16100.txt,ECG3,30000,16000,13900,0.024018884892,3.686074762440e-04,4.654134801060e-04,yes
199,029_UCR_Anomaly_DISTORTEDInternalBleeding18_2300_4485_4587.txt,DISTORTEDInternalBleeding18,7500,4485,2913,0.048832186933,4.208895992806e-04,5.287557779907e-04,yes
200,107_UCR_Anomaly_NOISEinsectEPG3_5200_7000_7050.txt,NOISEinsectEPG3,9998,7000,2948,0.044554952510,5.098303685548e-04,6.372879606936e-04,yes
201,072_UCR_Anomaly_DISTORTEDltstdbs30791ES_20000_52600_52800.txt,DISTORTEDltstdbs30791ES,55000,52600,2200,0.043999308676,5.441587661375e-04,6.768143857431e-04,yes
202,248_UCR_Anomaly_weallwalk_2000_4702_4707.txt,weallwalk,8432,4702,3725,0.043584651969,7.152765764455e-04,8.852432876801e-04,yes
203,019_UCR_Anomaly_DISTORTEDGP711MarkerLFM5z1_5000_6168_6212.txt,DISTORTEDGP711MarkerLFM5z1,12000,6168,5788,0.036129023150,7.958859022915e-04,9.801550520831e-04,yes
204,174_UCR_Anomaly_insectEPG2_3700_8000_8025.txt,insectEPG2,9998,8000,1973,0.049279523568,8.804803208569e-04,1.079020001050e-03,yes
205,139_UCR_Anomaly_InternalBleeding20_2700_5759_5919.txt,InternalBleeding20,7500,5759,1581,0.055026486058,1.043556000844e-03,1.272629269322e-03,yes
206,097_UCR_Anomaly_NOISEGP711MarkerLFM5z3_5000_5948_5993.txt,NOISEGP711MarkerLFM5z3,12000,5948,6007,0.035317684177,1.116638529359e-03,1.355143846310e-03,yes
207,024_UCR_Anomaly_DISTORTEDInternalBleeding10_3200_4526_4556.txt,DISTORTEDInternalBleeding10,7501,4526,2945,0.045142684373,1.335872517948e-03,1.613372606217e-03,yes
208,177_UCR_Anomaly_insectEPG5_3200_8500_8501.txt,insectEPG5,10028,8500,1527,0.049883508610,3.061475842072e-03,3.679658464029e-03,yes
209,128_UCR_Anomaly_GP711MarkerLFM5z2_5000_7175_7388.txt,GP711MarkerLFM5z2,12000,7175,4612,0.033522518139,3.532081028676e-03,4.224977307029e-03,yes
210,036_UCR_Anomaly_DISTORTEDInternalBleeding9_4200_6599_6681.txt,DISTORTEDInternalBleeding9,7501,6599,820,0.063477282219,5.328581122857e-03,6.343548955782e-03,yes
211,012_UCR_Anomaly_DISTORTEDECG2_15000_16000_16100.txt,DISTORTEDECG2,30000,16000,13900,0.019706834532,6.111692538525e-03,7.241341870291e-03,yes
212,021_UCR_Anomaly_DISTORTEDGP711MarkerLFM5z3_5000_5948_5993.txt,DISTORTEDGP711MarkerLFM5z3,12000,5948,6007,0.030661773325,7.039176687011e-03,8.300915904495e-03,yes
213,238_UCR_Anomaly_mit14157longtermecg_21311_72600_72780.txt,mit14157longtermecg,99000,72600,26220,0.011751675272,9.703174416661e-03,1.138870236697e-02,yes
214,096_UCR_Anomaly_NOISEECG4_5000_16900_17100.txt,NOISEECG4,30000,16900,12900,0.018902802624,1.058879152745e-02,1.237008356010e-02,yes
215,120_UCR_Anomaly_ECG2_15000_16000_16100.txt,ECG2,30000,16000,13900,0.018169064748,1.455283238301e-02,1.692189811978e-02,yes
216,068_UCR_Anomaly_DISTORTEDinsectEPG4_1300_6508_6558.txt,DISTORTEDinsectEPG4,9998,6508,3440,0.032746637412,1.558224450468e-02,1.803500521375e-02,yes
217,137_UCR_Anomaly_InternalBleeding18_2300_4485_4587.txt,InternalBleeding18,7500,4485,2913,0.035813163687,2.090220515451e-02,2.408088151442e-02,yes
218,142_UCR_Anomaly_InternalBleeding6_1500_3474_3629.txt,InternalBleeding6,7654,3474,4025,0.034580360942,2.243378432438e-02,2.572681688576e-02,yes
219,138_UCR_Anomaly_InternalBleeding19_3000_4187_4197.txt,InternalBleeding19,7500,4187,3303,0.034410894092,2.448178542658e-02,2.794724363765e-02,yes
220,135_UCR_Anomaly_InternalBleeding16_1200_4187_4199.txt,InternalBleeding16,7501,4187,3302,0.034348912739,2.489063942830e-02,2.828481753216e-02,yes
221,032_UCR_Anomaly_DISTORTEDInternalBleeding4_1000_4675_5033.txt,DISTORTEDInternalBleeding4,7321,4675,2288,0.037558617853,2.539036931434e-02,2.872213723342e-02,yes
222,232_UCR_Anomaly_mit14134longtermecg_8763_57530_57790.txt,mit14134longtermecg,59000,57530,1210,0.041647835912,3.186287533343e-02,3.588161636647e-02,yes
223,014_UCR_Anomaly_DISTORTEDECG3_8000_17000_17100.txt,DISTORTEDECG3,30000,17000,12900,0.016553579571,3.553071062178e-02,3.983263522621e-02,yes
224,136_UCR_Anomaly_InternalBleeding17_1600_3198_3309.txt,InternalBleeding17,7500,3198,4191,0.032896813193,3.833009932595e-02,4.277912871200e-02,yes
225,099_UCR_Anomaly_NOISEInternalBleeding6_1500_3474_3629.txt,NOISEInternalBleeding6,7654,3474,4025,0.031874689352,4.397477787870e-02,4.883484416980e-02,yes
226,098_UCR_Anomaly_NOISEInternalBleeding16_1200_4187_4199.txt,NOISEInternalBleeding16,7501,4187,3302,0.032019227695,4.414669912950e-02,4.883484416980e-02,yes
227,119_UCR_Anomaly_ECG1_10000_11800_12100.txt,ECG1,30000,11800,17900,0.016138623236,4.868229480506e-02,5.361486212011e-02,no
228,124_UCR_Anomaly_ECG4_5000_16900_17100.txt,ECG4,30000,16900,12900,0.015873125086,4.958004345782e-02,5.436408273884e-02,no
229,122_UCR_Anomaly_ECG3_8000_17000_17100.txt,ECG3,30000,17000,12900,0.015637482900,5.479457831730e-02,5.930149168539e-02,no
230,125_UCR_Anomaly_ECG4_5000_17000_17100.txt,ECG4,30000,17000,12900,0.015637482900,5.479457831730e-02,5.930149168539e-02,no
231,126_UCR_Anomaly_ECG4_8000_17000_17100.txt,ECG4,30000,17000,12900,0.015637482900,5.479457831730e-02,5.930149168539e-02,no
232,018_UCR_Anomaly_DISTORTEDECG4_8000_17000_17100.txt,DISTORTEDECG4,30000,17000,12900,0.015247150023,6.541015231299e-02,7.048507792348e-02,no
233,250_UCR_Anomaly_weallwalk_2951_7290_7296.txt,weallwalk,10468,7290,3172,0.025774394263,1.038259242686e-01,1.114012062968e-01,no
234,144_UCR_Anomaly_InternalBleeding9_4200_6599_6681.txt,InternalBleeding9,7501,6599,820,0.044678979446,1.051629954431e-01,1.123536276102e-01,no
235,249_UCR_Anomaly_weallwalk_2753_8285_8315.txt,weallwalk,10524,8285,2209,0.027003428395,1.538131006218e-01,1.636309581083e-01,no
236,193_UCR_Anomaly_s20101m_10000_35774_35874.txt,s20101m,40000,35774,4126,0.018489477257,1.574269475942e-01,1.667658343159e-01,no
237,208_UCR_Anomaly_CHARISten_5130_27929_27989.txt,CHARISten,40870,27929,12881,0.011911318743,1.625640577476e-01,1.714810735734e-01,no
238,131_UCR_Anomaly_GP711MarkerLFM5z5_5000_8612_8716.txt,GP711MarkerLFM5z5,12000,8612,3284,0.022017687129,1.957757669032e-01,2.056468139740e-01,no
239,031_UCR_Anomaly_DISTORTEDInternalBleeding20_2700_5759_5919.txt,DISTORTEDInternalBleeding20,7500,5759,1581,0.030189965293,2.033254179047e-01,2.126834915322e-01,no
240,134_UCR_Anomaly_InternalBleeding15_1700_5684_5854.txt,InternalBleeding15,7601,5684,1747,0.028393300750,2.263704800849e-01,2.358025834218e-01,no
241,020_UCR_Anomaly_DISTORTEDGP711MarkerLFM5z2_5000_7175_7388.txt,DISTORTEDGP711MarkerLFM5z2,12000,7175,4612,0.019135024221,2.513223691001e-01,2.607078517636e-01,no
242,132_UCR_Anomaly_InternalBleeding10_3200_4526_4556.txt,InternalBleeding10,7501,4526,2945,0.021166593018,3.940720441115e-01,4.070992191234e-01,no
243,025_UCR_Anomaly_DISTORTEDInternalBleeding14_2800_5607_5634.txt,DISTORTEDInternalBleeding14,7501,5607,1867,0.023607723493,4.080525365441e-01,4.198071363622e-01,no
244,140_UCR_Anomaly_InternalBleeding4_1000_4675_5033.txt,InternalBleeding4,7321,4675,2288,0.021621760592,4.609926254234e-01,4.723285096551e-01,no
245,066_UCR_Anomaly_DISTORTEDinsectEPG2_3700_8000_8025.txt,DISTORTEDinsectEPG2,9998,8000,1973,0.019685187532,5.637160135383e-01,5.752204219779e-01,no
246,035_UCR_Anomaly_DISTORTEDInternalBleeding8_2500_5865_5974.txt,DISTORTEDInternalBleeding8,7501,5865,1527,0.019886878472,7.148962386880e-01,7.265205677724e-01,no
247,143_UCR_Anomaly_InternalBleeding8_2500_5865_5974.txt,InternalBleeding8,7501,5865,1527,0.018241139456,8.065600925032e-01,8.137818602818e-01,no
248,069_UCR_Anomaly_DISTORTEDinsectEPG5_3200_8500_8501.txt,DISTORTEDinsectEPG5,10028,8500,1527,0.017644824531,8.072716053995e-01,8.137818602818e-01,no
249,133_UCR_Anomaly_InternalBleeding14_2800_5607_5634.txt,InternalBleeding14,7501,5607,1867,0.016302122156,8.430798392483e-01,8.464657020565e-01,no
250,141_UCR_Anomaly_InternalBleeding5_4000_6200_6370.txt,InternalBleeding5,7415,6200,1045,0.017542830684,9.407778410743e-01,9.407778410743e-01,no
